dataset	template_id	template_kind	column	name_pattern	original_len	sampled_len	truncated	current_encoding	current_mem_bytes_est	i64_mem_bytes	i32_applicable	i32_mem_bytes	constant	constant_mem_bytes	slp_i8_mem_bytes	slp_i8_segments	slp_i8_avg_segment_len	slp_i8_max_abs_residual	slp_i8_msgpack_bytes	slp_i8_zstd_bytes	slp_i8_encode_secs	slp_i8_decode_ok	slp_i16_mem_bytes	slp_i16_segments	slp_i16_avg_segment_len	slp_i16_max_abs_residual	slp_i16_msgpack_bytes	slp_i16_zstd_bytes	slp_i16_encode_secs	slp_i16_decode_ok	best_slp	best_slp_mem_bytes	best_slp_ratio_vs_i64	best_slp_ratio_vs_i32	accepted_vs_i64_gt_2	beats_i32	i64_msgpack_bytes	i64_zstd_bytes	i32_msgpack_bytes	i32_zstd_bytes
leworldmodel_full	22	cpu	ts	<built-in function isinstance>	424573	424573	false	i32	1698292	3396584	true	1698292	false	0	492125	2812	150.98613086770982	127	685197	305223	0.008355788	true	849906	29	14640.448275862069	32767	1256223	589557	0.008169729	true	slp_i8	492125	6.901872491744983	3.4509362458724917	true	true	1962941	377894	1962941	377894
leworldmodel_full	22	cpu	dur	<built-in function isinstance>	424573	424573	false	i32	1698292	3396584	true	1698292	false	0	425021	16	26535.8125	69	425647	7126	0.0083103	true	849378	7	60653.28571428572	963	424817	5328	0.008067162	true	slp_i8	425021	7.991567475489447	3.9957837377447234	true	true	424588	5203	424588	5203
leworldmodel_full	36	cpu	ts	<built-in function len>	130419	130419	false	i32	521676	1043352	true	521676	false	0	159139	1194	109.2286432160804	127	208921	111136	0.002613938	true	261598	29	4497.206896551724	32766	389742	246533	0.002527122	true	slp_i8	159139	6.556230716543399	3.2781153582716995	true	true	612404	98698	612404	98698
leworldmodel_full	36	cpu	dur	<built-in function len>	130419	130419	false	i32	521676	1043352	true	521676	false	0	130531	2	65209.5	17	130529	697	0.002468538	true	260950	2	65209.5	17	130528	693	0.002525823	true	slp_i8	130531	7.993135730209682	3.996567865104841	true	true	130424	599	130424	599
leworldmodel_full	43	cpu	ts	<built-in method get of dict object at 0x0f0d0d0a0c0>	91971	91971	false	i32	367884	735768	true	367884	false	0	109123	712	129.17275280898878	127	137836	69304	0.001821955	true	184438	18	5109.5	32765	275469	162591	0.001779749	true	slp_i8	109123	6.742556564610577	3.3712782823052887	true	true	424244	73518	424244	73518
leworldmodel_full	43	cpu	dur	<built-in method get of dict object at 0x0f0d0d0a0c0>	91971	91971	false	i32	367884	735768	true	367884	false	0	92083	2	45985.5	39	92083	916	0.001756526	true	184054	2	45985.5	39	92084	916	0.001761521	true	slp_i8	92083	7.990269648034925	3.9951348240174624	true	true	91976	795	91976	795
leworldmodel_full	3903	cpu	ts	<built-in method get of dict object at 0x0f0c0b0a0c0>	85343	85343	false	i32	341372	682744	true	341372	false	0	95511	421	202.7149643705463	127	119176	62376	0.001682061	true	171014	11	7758.454545454545	32758	255754	144362	0.001637242	true	slp_i8	95511	7.148328464784161	3.5741642323920804	true	true	395362	65564	395362	65564
leworldmodel_full	3903	cpu	dur	<built-in method get of dict object at 0x0f0c0b0a0c0>	85343	85343	false	i32	341372	682744	true	341372	false	0	85455	2	42671.5	38	85455	935	0.001627148	true	170798	2	42671.5	38	85456	937	0.001643336	true	slp_i8	85455	7.989514949388567	3.9947574746942833	true	true	85348	828	85348	828
leworldmodel_full	359	cpu	ts	<built-in function id>	82226	82226	false	i32	328904	657808	true	328904	false	0	90234	331	248.41691842900303	127	99385	43685	0.001586612	true	165044	22	3737.5454545454545	32767	246860	151418	0.001578985	true	slp_i8	90234	7.2900237161158765	3.6450118580579383	true	true	379401	68980	379401	68980
leworldmodel_full	359	cpu	dur	<built-in function id>	82226	82226	false	i32	328904	657808	true	328904	false	0	82338	2	41113.0	20	82340	653	0.001551918	true	164564	2	41113.0	20	82335	648	0.001570627	true	slp_i8	82338	7.989118025698948	3.994559012849474	true	true	82231	533	82231	533
leworldmodel_full	392	cpu	ts	abc.py(0): __instancecheck__	80958	80958	false	i32	323832	647664	true	323832	false	0	92494	478	169.36820083682008	127	119846	70372	0.001599501	true	162412	18	4497.666666666667	22531	241135	134155	0.001565051	true	slp_i8	92494	7.002227171492205	3.5011135857461024	true	true	367627	110235	367627	110235
leworldmodel_full	392	cpu	dur	abc.py(0): __instancecheck__	80958	80958	false	i32	323832	647664	true	323832	false	0	81190	7	11565.42857142857	65	81229	1957	0.001578779	true	162028	2	40479.0	958	81081	1839	0.001604596	true	slp_i8	81190	7.977140041877078	3.988570020938539	true	true	80969	1290	80969	1290
leworldmodel_full	393	cpu	ts	<built-in function _abc_instancecheck>	80958	80958	false	i32	323832	647664	true	323832	false	0	92494	478	169.36820083682008	127	119796	70194	0.001602546	true	162412	18	4497.666666666667	22531	241131	134124	0.00156249	true	slp_i8	92494	7.002227171492205	3.5011135857461024	true	true	367627	109377	367627	109377
leworldmodel_full	393	cpu	dur	<built-in function _abc_instancecheck>	80958	80958	false	i32	323832	647664	true	323832	false	0	81190	7	11565.42857142857	65	81229	1499	0.001596176	true	162028	2	40479.0	958	81081	1344	0.001581762	true	slp_i8	81190	7.977140041877078	3.988570020938539	true	true	80969	898	80969	898
leworldmodel_full	11	cpu	ts	<built-in function hasattr>	76024	76024	false	i32	304096	608192	true	304096	false	0	103208	1130	67.2778761061947	127	139546	77575	0.001549571	true	152760	27	2815.703703703704	32762	227735	145904	0.00147302	true	slp_i8	103208	5.892876521199907	2.9464382605999533	true	true	352767	97731	352767	97731
leworldmodel_full	11	cpu	dur	<built-in function hasattr>	76024	76024	false	i32	304096	608192	true	304096	false	0	76160	3	25341.333333333332	34	76171	1619	0.001502892	true	152160	2	38012.0	448	76139	1331	0.001482129	true	slp_i8	76160	7.985714285714286	3.992857142857143	true	true	76031	1184	76031	1184
leworldmodel_full	15	cpu	ts	<built-in function getattr>	57145	57145	false	i32	228580	457160	true	228580	false	0	80369	965	59.21761658031088	127	111469	64937	0.001168255	true	114978	26	2197.8846153846152	32749	171560	112720	0.001100678	true	slp_i8	80369	5.688262887431721	2.8441314437158605	true	true	260382	93024	260382	93024
leworldmodel_full	15	cpu	dur	<built-in function getattr>	57145	57145	false	i32	228580	457160	true	228580	false	0	57257	2	28572.5	127	77567	2160	0.001120904	true	114378	1	57145.0	244	57224	1338	0.001093264	true	slp_i8	57257	7.984351258361423	3.9921756291807116	true	true	57149	1244	57149	1244
leworldmodel_full	471	cpu	ts	copy.py(0): deepcopy	55472	55472	false	i32	221888	443776	true	221888	false	0	59712	174	318.8045977011494	127	65428	34975	0.001070208	true	111200	8	6934.0	32767	162513	106929	0.001069885	true	slp_i8	59712	7.431939978563773	3.7159699892818865	true	true	255251	61529	255251	61529
leworldmodel_full	471	cpu	dur	copy.py(0): deepcopy	55472	55472	false	i32	221888	443776	true	221888	false	0	65256	405	136.9679012345679	127	95723	35477	0.00114115	true	111032	1	55472.0	5683	163272	37184	0.00109875	true	slp_i8	65256	6.800539414000245	3.4002697070001227	true	true	56062	13160	56062	13160
leworldmodel_full	3850	cpu	ts	ac0g	44328	44328	false	i32	177312	354624	true	177312	false	0	69352	1040	42.62307692307692	127	96882	55289	0.000932715	true	91312	108	410.44444444444446	32758	124101	87743	0.000870339	true	slp_i8	69352	5.11339254816011	2.556696274080055	true	true	221643	101958	221643	101958
leworldmodel_full	478	cpu	ts	copy.py(0): _deepcopy_atomic	39202	39202	false	i32	156808	313616	true	156808	false	0	42962	154	254.55844155844156	127	47786	28139	0.000779007	true	78636	7	5600.285714285715	32767	115549	82831	0.000757964	true	slp_i8	42962	7.2998463758670455	3.6499231879335228	true	true	179965	41525	179965	41525
leworldmodel_full	478	cpu	dur	copy.py(0): _deepcopy_atomic	39202	39202	false	i32	156808	313616	true	156808	false	0	39290	1	39202.0	4	39279	377	0.000751014	true	78492	1	39202.0	4	39280	379	0.000755724	true	slp_i8	39290	7.982081954695851	3.9910409773479256	true	true	39205	290	39205	290
leworldmodel_full	40	cpu	ts	<built-in method append of list object at 0x0f0bd0cb0>	35806	35806	false	i32	143224	286448	true	143224	false	0	49982	588	60.894557823129254	127	64788	38528	0.000722236	true	72012	14	2557.5714285714284	32757	106252	76807	0.00069448	true	slp_i8	49982	5.731023168340602	2.865511584170301	true	true	168813	61251	168813	61251
leworldmodel_full	40	cpu	dur	<built-in method append of list object at 0x0f0bd0cb0>	35806	35806	false	i32	143224	286448	true	143224	false	0	35894	1	35806.0	3	35883	287	0.00068007	true	71700	1	35806.0	3	35884	289	0.000679721	true	slp_i8	35894	7.980386694155012	3.990193347077506	true	true	35809	218	35809	218
leworldmodel_full	21	cpu	ts	<frozen importlib._bootstrap>(0): _handle_fromlist	34460	34460	false	i32	137840	275680	true	137840	false	0	44436	413	83.43825665859565	127	58935	37566	0.000705814	true	69536	23	1498.2608695652175	32730	103911	68629	0.000659306	true	slp_i8	44436	6.203978755963633	3.1019893779818166	true	true	154113	64934	154113	64934
leworldmodel_full	21	cpu	dur	<frozen importlib._bootstrap>(0): _handle_fromlist	34460	34460	false	i32	137840	275680	true	137840	false	0	35916	58	594.1379310344828	127	36256	1560	0.000687427	true	69008	1	34460.0	13723	103088	17425	0.000681446	true	slp_i8	35916	7.675687715781267	3.8378438578906335	true	true	34571	737	34571	737
leworldmodel_full	979	cpu	ts	yaml/reader.py(0): peek	29900	29900	false	i32	119600	239200	true	119600	false	0	30972	42	711.9047619047619	127	33861	19243	0.000580734	true	59912	2	14950.0	22578	89443	60941	0.000580515	true	slp_i8	30972	7.723104739764949	3.8615523698824745	true	true	119603	22186	119603	22186
leworldmodel_full	979	cpu	dur	yaml/reader.py(0): peek	29900	29900	false	i32	119600	239200	true	119600	false	0	29988	1	29900.0	3	29977	287	0.000564766	true	59888	1	29900.0	3	29978	288	0.000566862	true	slp_i8	29988	7.9765239429104975	3.9882619714552487	true	true	29903	214	29903	214
leworldmodel_full	140	cpu	ts	<built-in method group of re.Match object at 0x0f0bd0ab0>	25819	25819	false	i32	103276	206552	true	103276	false	0	27683	75	344.25333333333333	127	29713	13135	0.000504811	true	51846	6	4303.166666666667	30930	77496	50087	0.000505582	true	slp_i8	27683	7.4613300581584365	3.7306650290792183	true	true	129072	14331	129072	14331
leworldmodel_full	140	cpu	dur	<built-in method group of re.Match object at 0x0f0bd0ab0>	25819	25819	false	i32	103276	206552	true	103276	false	0	25907	1	25819.0	2	25900	121	0.000487138	true	51726	1	25819.0	2	25897	118	0.000489688	true	slp_i8	25907	7.972825877176053	3.9864129385880265	true	true	25822	47	25822	47
leworldmodel_full	3902	cpu	ts	<built-in method append of list object at 0x0f0a0a0c0>	25112	25112	false	i32	100448	200896	true	100448	false	0	31344	257	97.71206225680933	127	39038	27322	0.000512094	true	50480	8	3139.0	29709	75199	53358	0.000485538	true	slp_i8	31344	6.409392547217968	3.204696273608984	true	true	115741	32119	115741	32119
leworldmodel_full	3902	cpu	dur	<built-in method append of list object at 0x0f0a0a0c0>	25112	25112	false	i32	100448	200896	true	100448	false	0	25200	1	25112.0	3	25189	266	0.000474844	true	50312	1	25112.0	3	25190	267	0.000481829	true	slp_i8	25200	7.972063492063492	3.986031746031746	true	true	25115	194	25115	194
leworldmodel_full	19	cpu	ts	<frozen importlib._bootstrap>(0): parent	22955	22955	false	i32	91820	183640	true	91820	false	0	33747	447	51.35346756152125	127	45574	27052	0.000473585	true	46550	24	956.4583333333334	32767	69370	53794	0.000447851	true	slp_i8	33747	5.441668889086437	2.7208344445432187	true	true	107750	76094	107750	76094
leworldmodel_full	19	cpu	dur	<frozen importlib._bootstrap>(0): parent	22955	22955	false	i32	91820	183640	true	91820	false	0	23043	1	22955.0	26	23036	552	0.000452165	true	45998	1	22955.0	27	23037	548	0.000457478	true	slp_i8	23043	7.9694484225144295	3.9847242112572148	true	true	22958	451	22958	451
leworldmodel_full	16	cpu	ts	<built-in method items of dict object at 0x0f0be0f0>	21677	21677	false	i32	86708	173416	true	86708	false	0	34413	528	41.05492424242424	127	45680	26862	0.000455758	true	43850	18	1204.2777777777778	32767	64867	50352	0.000430083	true	slp_i8	34413	5.039258419783222	2.519629209891611	true	true	106711	77687	106711	77687
leworldmodel_full	16	cpu	dur	<built-in method items of dict object at 0x0f0be0f0>	21677	21677	false	i32	86708	173416	true	86708	false	0	21813	3	7225.666666666667	116	21815	253	0.000424964	true	43442	1	21677.0	338	21757	198	0.000411845	true	slp_i8	21813	7.95012148718654	3.97506074359327	true	true	21682	127	21682	127
leworldmodel_full	1736	cpu	ts	<built-in method read of _io.BytesIO object at 0x0f0bd0>	20663	20663	false	i32	82652	165304	true	82652	false	0	21639	38	543.7631578947369	127	27295	13883	0.000402918	true	41414	1	20663.0	5549	59769	26084	0.000397574	true	slp_i8	21639	7.639170017098757	3.8195850085493785	true	true	103318	18737	103318	18737
leworldmodel_full	1736	cpu	dur	<built-in method read of _io.BytesIO object at 0x0f0bd0>	20663	20663	false	i32	82652	165304	true	82652	false	0	20751	1	20663.0	1	20742	139	0.000403092	true	41414	1	20663.0	1	20741	138	0.000399772	true	slp_i8	20751	7.966073924148234	3.983036962074117	true	true	20666	66	20666	66
leworldmodel_full	4011	cpu	ts	<built-in method read of _io.BytesIO object at 0x0f0a0bb0bba0>	20663	20663	false	i32	82652	165304	true	82652	false	0	21591	36	573.9722222222222	127	26722	13597	0.00040794	true	41414	1	20663.0	5493	59659	25751	0.000415884	true	slp_i8	21591	7.656153026724098	3.828076513362049	true	true	103318	19110	103318	19110
leworldmodel_full	4011	cpu	dur	<built-in method read of _io.BytesIO object at 0x0f0a0bb0bba0>	20663	20663	false	i32	82652	165304	true	82652	false	0	20751	1	20663.0	6	20742	144	0.000396962	true	41414	1	20663.0	6	20741	143	0.000396516	true	slp_i8	20751	7.966073924148234	3.983036962074117	true	true	20666	72	20666	72
leworldmodel_full	496	cpu	ts	<built-in function hash>	19596	19596	false	i32	78384	156768	true	78384	false	0	23428	157	124.81528662420382	127	30949	17707	0.000390672	true	39688	18	1088.6666666666667	32654	59177	47293	0.000387014	true	slp_i8	23428	6.69148028000683	3.345740140003415	true	true	81679	14382	81679	14382
leworldmodel_full	496	cpu	dur	<built-in function hash>	19596	19596	false	i32	78384	156768	true	78384	false	0	19684	1	19596.0	38	19677	1369	0.000391848	true	39280	1	19596.0	38	19674	1011	0.000380212	true	slp_i8	19684	7.964234911603333	3.9821174558016663	true	true	19599	914	19599	914
leworldmodel_full	96	cpu	ts	<built-in method startswith of str object at 0x0f0bd0>	19541	19541	false	i32	78164	156328	true	78164	false	0	27717	338	57.81360946745562	127	36523	18634	0.000399957	true	39530	16	1221.3125	32761	58321	46119	0.000382647	true	slp_i8	27717	5.640148645235776	2.820074322617888	true	true	96054	16333	96054	16333
leworldmodel_full	96	cpu	dur	<built-in method startswith of str object at 0x0f0bd0>	19541	19541	false	i32	78164	156328	true	78164	false	0	19629	1	19541.0	1	19622	165	0.000370419	true	39170	1	19541.0	1	19619	161	0.000377285	true	slp_i8	19629	7.964134698660145	3.9820673493300727	true	true	19544	90	19544	90
leworldmodel_full	315	cpu	ts	<built-in function issubclass>	19440	19440	false	i32	77760	155520	true	77760	false	0	31696	508	38.267716535433074	127	43288	24531	0.000410693	true	39304	15	1296.0	32740	58397	45562	0.000386564	true	slp_i8	31696	4.906612821807168	2.453306410903584	true	true	91497	66516	91497	66516
leworldmodel_full	315	cpu	dur	<built-in function issubclass>	19440	19440	false	i32	77760	155520	true	77760	false	0	19528	1	19440.0	22	19521	527	0.000390782	true	38968	1	19440.0	22	19522	540	0.000380257	true	slp_i8	19528	7.963949201147071	3.9819746005735355	true	true	19443	426	19443	426
leworldmodel_full	436	cpu	ts	omegaconf/base.py(0): _invalidate_flags_cache	15962	15962	false	i32	63848	127696	true	63848	false	0	22818	283	56.40282685512368	127	30815	19656	0.000335146	true	32084	4	3990.5	28322	47647	35000	0.00030675	true	slp_i8	22818	5.596283635726181	2.7981418178630904	true	true	73373	25770	73373	25770
leworldmodel_full	436	cpu	dur	omegaconf/base.py(0): _invalidate_flags_cache	15962	15962	false	i32	63848	127696	true	63848	false	0	16050	1	15962.0	76	20313	4373	0.000317092	true	32012	1	15962.0	91	16044	3110	0.000325263	true	slp_i8	16050	7.95613707165109	3.978068535825545	true	true	15965	2105	15965	2105
leworldmodel_full	410	cpu	ts	typing.py(0): __getattr__	14699	14699	false	i32	58796	117592	true	58796	false	0	20379	234	62.81623931623932	127	28078	17912	0.000308708	true	29606	6	2449.8333333333335	21958	43700	32204	0.000286738	true	slp_i8	20379	5.77025369252662	2.88512684626331	true	true	63168	46440	63168	46440
leworldmodel_full	410	cpu	dur	typing.py(0): __getattr__	14699	14699	false	i32	58796	117592	true	58796	false	0	14787	1	14699.0	58	15445	527	0.000287794	true	29486	1	14699.0	73	14781	406	0.000283138	true	slp_i8	14787	7.952390613376615	3.9761953066883073	true	true	14702	314	14702	314
leworldmodel_full	3917	cpu	ts	<built-in method startswith of str object at 0x0f0a0a0df0>	13669	13669	false	i32	54676	109352	true	54676	false	0	19589	244	56.02049180327869	127	26917	12542	0.000279366	true	27618	9	1518.7777777777778	32750	41195	31648	0.00026742	true	slp_i8	19589	5.5823166062586145	2.7911583031293072	true	true	66912	8691	66912	8691
leworldmodel_full	3917	cpu	dur	<built-in method startswith of str object at 0x0f0a0a0df0>	13669	13669	false	i32	54676	109352	true	54676	false	0	13757	1	13669.0	4	13750	168	0.000267343	true	27426	1	13669.0	8	13747	146	0.000259588	true	slp_i8	13757	7.948826052191611	3.9744130260958057	true	true	13672	74	13672	74
leworldmodel_full	422	cpu	ts	omegaconf/base.py(0): _get_flag	13585	13585	false	i32	54340	108680	true	54340	false	0	20393	281	48.345195729537366	127	27104	17186	0.000290622	true	27498	11	1235.0	29546	40678	30104	0.000262107	true	slp_i8	20393	5.329279654783504	2.664639827391752	true	true	59288	43509	59288	43509
leworldmodel_full	422	cpu	dur	omegaconf/base.py(0): _get_flag	13585	13585	false	i32	54340	108680	true	54340	false	0	13673	1	13585.0	43	13666	2762	0.000269457	true	27258	1	13585.0	54	13667	2633	0.000280091	true	slp_i8	13673	7.9485116653258245	3.9742558326629123	true	true	13588	1693	13588	1693
leworldmodel_full	696	cpu	ts	antlr0/atn/ATNConfig.py(0): __init__	13388	13388	false	i32	53552	107104	true	53552	false	0	14652	50	267.76	127	19592	12351	0.000265395	true	26984	6	2231.3333333333335	26133	39972	32697	0.00026121	true	slp_i8	14652	7.30985530985531	3.654927654927655	true	true	56059	13588	56059	13588
leworldmodel_full	696	cpu	dur	antlr0/atn/ATNConfig.py(0): __init__	13388	13388	false	i32	53552	107104	true	53552	false	0	13572	5	2677.6	8	13589	720	0.000265673	true	26864	1	13388.0	627	13474	722	0.000262146	true	slp_i8	13572	7.891541408782788	3.945770704391394	true	true	13395	442	13395	442
leworldmodel_full	971	cpu	ts	yaml/scanner.py(0): stale_possible_simple_keys	13364	13364	false	i32	53456	106912	true	53456	false	0	14508	45	296.97777777777776	127	16012	10262	0.000263186	true	26840	2	6682.0	23967	39993	31542	0.000258059	true	slp_i8	14508	7.369175627240144	3.684587813620072	true	true	53459	20201	53459	20201
leworldmodel_full	971	cpu	dur	yaml/scanner.py(0): stale_possible_simple_keys	13364	13364	false	i32	53456	106912	true	53456	false	0	13452	1	13364.0	36	13445	320	0.00026159	true	26816	1	13364.0	48	13446	281	0.000262169	true	slp_i8	13452	7.947665774606007	3.9738328873030033	true	true	13367	200	13367	200
leworldmodel_full	481	cpu	ts	copy.py(0): _keep_alive	13250	13250	false	i32	53000	106000	true	53000	false	0	17514	175	75.71428571428571	127	20464	14001	0.000267701	true	26756	8	1656.25	32765	38548	30484	0.000257835	true	slp_i8	17514	6.0523010163297934	3.0261505081648967	true	true	61159	20293	61159	20293
leworldmodel_full	481	cpu	dur	copy.py(0): _keep_alive	13250	13250	false	i32	53000	106000	true	53000	false	0	13338	1	13250.0	2	13331	491	0.000258896	true	26588	1	13250.0	3	13332	493	0.000259997	true	slp_i8	13338	7.947218473534263	3.9736092367671314	true	true	13253	360	13253	360
leworldmodel_full	270	cpu	ts	<built-in method __new__ of type object at 0x0c0bf0>	13210	13210	false	i32	52840	105680	true	52840	false	0	24074	450	29.355555555555554	127	31277	16902	0.000278523	true	26820	14	943.5714285714286	32753	39301	31908	0.000262722	true	slp_i8	24074	4.389798122455762	2.194899061227881	true	true	65279	46952	65279	46952
leworldmodel_full	270	cpu	dur	<built-in method __new__ of type object at 0x0c0bf0>	13210	13210	false	i32	52840	105680	true	52840	false	0	13298	1	13210.0	41	13291	344	0.000260685	true	26508	1	13210.0	42	13288	325	0.000251106	true	slp_i8	13298	7.947059708226801	3.9735298541134005	true	true	13213	243	13213	243
leworldmodel_full	970	cpu	ts	yaml/scanner.py(0): need_more_tokens	13176	13176	false	i32	52704	105408	true	52704	false	0	14320	45	292.8	127	15772	9973	0.000258673	true	26464	2	6588.0	23822	39435	31072	0.00025517	true	slp_i8	14320	7.360893854748603	3.6804469273743017	true	true	52707	19596	52707	19596
leworldmodel_full	970	cpu	dur	yaml/scanner.py(0): need_more_tokens	13176	13176	false	i32	52704	105408	true	52704	false	0	13264	1	13176.0	36	13257	723	0.000258438	true	26440	1	13176.0	49	13258	670	0.000257504	true	slp_i8	13264	7.946924004825091	3.9734620024125453	true	true	13179	537	13179	537
leworldmodel_full	3554	cpu	ts	<built-in function round>	12872	12872	false	i32	51488	102976	true	51488	false	0	14160	51	252.3921568627451	127	14892	7581	0.000249265	true	25856	2	6436.0	3879	37138	18557	0.00025122	true	slp_i8	14160	7.272316384180791	3.6361581920903956	true	true	64363	6498	64363	6498
leworldmodel_full	3554	cpu	dur	<built-in function round>	12872	12872	false	i32	51488	102976	true	51488	false	0	12960	1	12872.0	27	12953	295	0.000247276	true	25832	1	12872.0	27	12954	293	0.00025136	true	slp_i8	12960	7.945679012345679	3.9728395061728397	true	true	12875	208	12875	208
leworldmodel_full	20	cpu	ts	<built-in method rpartition of str object at 0x0f0d0b0b0>	12711	12711	false	i32	50844	101688	true	50844	false	0	19951	299	42.51170568561873	127	26996	16205	0.000269023	true	25822	14	907.9285714285714	32767	38455	29902	0.000248657	true	slp_i8	19951	5.096887374066463	2.5484436870332314	true	true	59159	42328	59159	42328
leworldmodel_full	20	cpu	dur	<built-in method rpartition of str object at 0x0f0d0b0b0>	12711	12711	false	i32	50844	101688	true	50844	false	0	12799	1	12711.0	2	12792	233	0.000248882	true	25510	1	12711.0	3	12793	231	0.000245127	true	slp_i8	12799	7.944995702789281	3.9724978513946403	true	true	12714	160	12714	160
leworldmodel_full	2682	cpu	ts	stable_worldmodel/spaces.py(0): init_value	12650	12650	false	i32	50600	101200	true	50600	false	0	15186	103	122.81553398058253	127	17154	5986	0.000245727	true	25436	3	4216.666666666667	3016	32210	15230	0.000247111	true	slp_i8	15186	6.664032661662057	3.3320163308310287	true	true	63253	4130	63253	4130
leworldmodel_full	2682	cpu	dur	stable_worldmodel/spaces.py(0): init_value	12650	12650	false	i32	50600	101200	true	50600	false	0	12738	1	12650.0	9	12731	1496	0.000248081	true	25388	1	12650.0	11	12732	1607	0.000250633	true	slp_i8	12738	7.944732297063903	3.9723661485319517	true	true	12653	1375	12653	1375
leworldmodel_full	1580	cpu	ts	torch/nn/modules/module.py(0): __getattr__	12354	12354	false	i32	49416	98832	true	49416	false	0	19570	298	41.45637583892618	127	24864	15769	0.000263526	true	25108	14	882.4285714285714	32552	37041	28910	0.000240524	true	slp_i8	19570	5.05017884517118	2.52508942258559	true	true	61773	44199	61773	44199
leworldmodel_full	1580	cpu	dur	torch/nn/modules/module.py(0): __getattr__	12354	12354	false	i32	49416	98832	true	49416	false	0	12442	1	12354.0	46	12435	788	0.000242656	true	24796	1	12354.0	46	12436	789	0.000246335	true	slp_i8	12442	7.943417457000482	3.971708728500241	true	true	12357	603	12357	603
leworldmodel_full	972	cpu	ts	yaml/scanner.py(0): next_possible_simple_key	11960	11960	false	i32	47840	95680	true	47840	false	0	13128	46	260.0	127	14536	9175	0.000237055	true	24032	2	5980.0	23975	35803	28404	0.000230614	true	slp_i8	13128	7.28823887873248	3.64411943936624	true	true	47843	17605	47843	17605
leworldmodel_full	972	cpu	dur	yaml/scanner.py(0): next_possible_simple_key	11960	11960	false	i32	47840	95680	true	47840	false	0	12048	1	11960.0	2	12037	145	0.000225588	true	24008	1	11960.0	2	12038	146	0.000229432	true	slp_i8	12048	7.941567065073041	3.9707835325365206	true	true	11963	75	11963	75
leworldmodel_full	3900	cpu	ts	<built-in method rpartition of str object at 0x0f0c0fe0aa0>	11443	11443	false	i32	45772	91544	true	45772	false	0	16451	206	55.54854368932039	127	22238	14018	0.000238816	true	23166	9	1271.4444444444443	32766	34318	27320	0.00022218	true	slp_i8	16451	5.564646526047049	2.7823232630235246	true	true	54297	37749	54297	37749
leworldmodel_full	3900	cpu	dur	<built-in method rpartition of str object at 0x0f0c0fe0aa0>	11443	11443	false	i32	45772	91544	true	45772	false	0	11531	1	11443.0	1	11522	195	0.000227501	true	22974	1	11443.0	2	11525	201	0.000221075	true	slp_i8	11531	7.938947185846848	3.969473592923424	true	true	11446	121	11446	121
leworldmodel_full	33	cpu	ts	sre_parse.py(0): __next	11312	11312	false	i32	45248	90496	true	45248	false	0	12408	43	263.06976744186045	127	16859	8166	0.000222371	true	22952	11	1028.3636363636363	32747	33836	24736	0.000219919	true	slp_i8	12408	7.293359123146357	3.6466795615731784	true	true	55199	7959	55199	7959
leworldmodel_full	33	cpu	dur	sre_parse.py(0): __next	11312	11312	false	i32	45248	90496	true	45248	false	0	11400	1	11312.0	1	11393	139	0.000221499	true	22712	1	11312.0	1	11390	136	0.000223758	true	slp_i8	11400	7.938245614035088	3.969122807017544	true	true	11315	67	11315	67
leworldmodel_full	41	cpu	ts	<built-in function ord>	11221	11221	false	i32	44884	89768	true	44884	false	0	14813	147	76.33333333333333	127	20145	10048	0.000232946	true	22746	10	1122.1	32763	33686	27135	0.000222602	true	slp_i8	14813	6.060082360089111	3.0300411800445555	true	true	55420	8260	55420	8260
leworldmodel_full	41	cpu	dur	<built-in function ord>	11221	11221	false	i32	44884	89768	true	44884	false	0	11309	1	11221.0	1	11298	154	0.000213417	true	22530	1	11221.0	1	11299	155	0.000213879	true	slp_i8	11309	7.9377486957290655	3.9688743478645327	true	true	11224	84	11224	84
leworldmodel_full	290	cpu	ts	<string>(0): <lambda>	11141	11141	false	i32	44564	89128	true	44564	false	0	15861	194	57.42783505154639	127	19665	11806	0.000231251	true	22682	14	795.7857142857143	32226	33020	24182	0.000218776	true	slp_i8	15861	5.61931782359246	2.80965891179623	true	true	55664	13843	55664	13843
leworldmodel_full	290	cpu	dur	<string>(0): <lambda>	11141	11141	false	i32	44564	89128	true	44564	false	0	11229	1	11141.0	13	11222	231	0.000218114	true	22370	1	11141.0	13	11223	230	0.000215779	true	slp_i8	11229	7.9373051919137945	3.9686525959568972	true	true	11144	151	11144	151
leworldmodel_full	2448	cpu	ts	pkg_resources/_vendor/packaging/version.py(0): __eq__	10804	10804	false	i32	43216	86432	true	43216	false	0	10916	2	5402.0	25	10920	1898	0.000212076	true	21696	1	10804.0	10764	32224	25997	0.000208314	true	slp_i8	10916	7.917918651520703	3.9589593257603517	true	true	54023	2396	54023	2396
leworldmodel_full	2448	cpu	dur	pkg_resources/_vendor/packaging/version.py(0): __eq__	10804	10804	false	i32	43216	86432	true	43216	false	0	10892	1	10804.0	14	10885	111	0.000207492	true	21696	1	10804.0	14	10886	112	0.000208325	true	slp_i8	10892	7.935365405802424	3.967682702901212	true	true	10807	32	10807	32
leworldmodel_full	477	cpu	ts	copy.py(0): <genexpr>	10622	10622	false	i32	42488	84976	true	42488	false	0	13230	106	100.20754716981132	127	15147	10740	0.000212571	true	21476	7	1517.4285714285713	32767	31048	24642	0.000204097	true	slp_i8	13230	6.422978080120937	3.2114890400604685	true	true	48883	13590	48883	13590
leworldmodel_full	477	cpu	dur	copy.py(0): <genexpr>	10622	10622	false	i32	42488	84976	true	42488	false	0	10710	1	10622.0	69	10703	855	0.00020816	true	21332	1	10622.0	74	10704	784	0.000209606	true	slp_i8	10710	7.934267040149393	3.9671335200746967	true	true	10625	505	10625	505
leworldmodel_full	3851	cpu	ts	ac0g	10308	10308	false	i32	41232	82464	true	41232	false	0	15580	217	47.50230414746544	127	19583	13147	0.000217692	true	21376	29	355.44827586206895	32599	31320	24736	0.000201978	true	slp_i8	15580	5.292939666238768	2.646469833119384	true	true	51543	36830	51543	36830
leworldmodel_full	38	cpu	ts	sre_parse.py(0): get	10271	10271	false	i32	41084	82168	true	41084	false	0	11391	44	233.4318181818182	127	15666	6969	0.00020392	true	20870	11	933.7272727272727	32713	30796	23632	0.000199203	true	slp_i8	11391	7.213414098849969	3.6067070494249847	true	true	50238	6971	50238	6971
leworldmodel_full	38	cpu	dur	sre_parse.py(0): get	10271	10271	false	i32	41084	82168	true	41084	false	0	10359	1	10271.0	1	10352	160	0.000201286	true	20630	1	10271.0	1	10349	157	0.000205062	true	slp_i8	10359	7.932039772178782	3.966019886089391	true	true	10274	85	10274	85
leworldmodel_full	419	cpu	ts	omegaconf/_utils.py(0): _is_missing_literal	10126	10126	false	i32	40504	81008	true	40504	false	0	17126	289	35.03806228373703	127	22955	14027	0.000218203	true	20676	15	675.0666666666667	25343	30425	23140	0.000195353	true	slp_i8	17126	4.730117949316829	2.3650589746584143	true	true	45881	33201	45881	33201
leworldmodel_full	419	cpu	dur	omegaconf/_utils.py(0): _is_missing_literal	10126	10126	false	i32	40504	81008	true	40504	false	0	10214	1	10126.0	3	10203	208	0.000191262	true	20340	1	10126.0	3	10204	209	0.000194411	true	slp_i8	10214	7.931074995104758	3.965537497552379	true	true	10129	136	10129	136
leworldmodel_full	3899	cpu	ts	<built-in method items of dict object at 0x0f0a0>	9946	9946	false	i32	39784	79568	true	39784	false	0	15314	221	45.00452488687783	127	20035	12697	0.00020993	true	20172	9	1105.111111111111	32762	30101	24115	0.000195124	true	slp_i8	15314	5.1957685777719735	2.5978842888859868	true	true	48460	34176	48460	34176
leworldmodel_full	3899	cpu	dur	<built-in method items of dict object at 0x0f0a0>	9946	9946	false	i32	39784	79568	true	39784	false	0	10034	1	9946.0	55	10023	149	0.000188076	true	19980	1	9946.0	55	10024	150	0.000190931	true	slp_i8	10034	7.929838548933626	3.964919274466813	true	true	9949	79	9949	79
leworldmodel_full	418	cpu	ts	omegaconf/_utils.py(0): _is_missing_value	9558	9558	false	i32	38232	76464	true	38232	false	0	16558	289	33.07266435986159	127	22283	13532	0.000206705	true	19540	15	637.2	25084	28755	21921	0.000185738	true	slp_i8	16558	4.617949027660345	2.3089745138301727	true	true	43129	31278	43129	31278
leworldmodel_full	418	cpu	dur	omegaconf/_utils.py(0): _is_missing_value	9558	9558	false	i32	38232	76464	true	38232	false	0	9646	1	9558.0	13	9639	2024	0.000187879	true	19204	1	9558.0	15	9640	1988	0.000200981	true	slp_i8	9646	7.9270163798465685	3.9635081899232842	true	true	9561	1775	9561	1775
leworldmodel_full	727	cpu	ts	antlr0/IntervalSet.py(0): <genexpr>	9232	9232	false	i32	36928	73856	true	36928	false	0	11216	80	115.4	127	14567	9952	0.000188323	true	18624	4	2308.0	29807	27628	22733	0.000179612	true	slp_i8	11216	6.584878744650499	3.2924393723252496	true	true	42475	6019	42475	6019
leworldmodel_full	727	cpu	dur	antlr0/IntervalSet.py(0): <genexpr>	9232	9232	false	i32	36928	73856	true	36928	false	0	9320	1	9232.0	2	9313	164	0.000177342	true	18552	1	9232.0	2	9310	161	0.0001751	true	slp_i8	9320	7.924463519313305	3.9622317596566523	true	true	9235	89	9235	89
leworldmodel_full	988	cpu	ts	yaml/reader.py(0): forward	9216	9216	false	i32	36864	73728	true	36864	false	0	10600	55	167.56363636363636	127	13791	9008	0.000184335	true	18544	2	4608.0	22892	27662	21742	0.000178331	true	slp_i8	10600	6.955471698113207	3.4777358490566037	true	true	36867	12273	36867	12273
leworldmodel_full	988	cpu	dur	yaml/reader.py(0): forward	9216	9216	false	i32	36864	73728	true	36864	false	0	9304	1	9216.0	14	9297	1063	0.000182213	true	18520	1	9216.0	18	9298	1225	0.00018586	true	slp_i8	9304	7.924333619948409	3.9621668099742045	true	true	9219	591	9219	591
leworldmodel_full	1746	cpu	ts	<built-in function unpack>	9010	9010	false	i32	36040	72080	true	36040	false	0	10754	70	128.71428571428572	127	14234	8812	0.000184096	true	18108	1	9010.0	19505	26951	17717	0.000172502	true	slp_i8	10754	6.70262228008183	3.351311140040915	true	true	45053	25945	45053	25945
leworldmodel_full	1746	cpu	dur	<built-in function unpack>	9010	9010	false	i32	36040	72080	true	36040	false	0	9098	1	9010.0	14	9091	155	0.000174507	true	18108	1	9010.0	14	9092	157	0.000174696	true	slp_i8	9098	7.922620356122224	3.961310178061112	true	true	9013	75	9013	75
leworldmodel_full	431	cpu	ts	<built-in function next>	8579	8579	false	i32	34316	68632	true	34316	false	0	15531	287	29.89198606271777	127	20714	12352	0.000189221	true	17558	14	612.7857142857143	22092	26128	19213	0.000164976	true	slp_i8	15531	4.419032901938059	2.2095164509690295	true	true	38168	28071	38168	28071
leworldmodel_full	431	cpu	dur	<built-in function next>	8579	8579	false	i32	34316	68632	true	34316	false	0	8859	9	953.2222222222222	122	8944	2615	0.000170625	true	17246	1	8579.0	448	15196	3228	0.000168227	true	slp_i8	8859	7.747149791172818	3.873574895586409	true	true	8590	1604	8590	1604
leworldmodel_full	2729	cpu	ts	aten::as_strided	8552	8552	false	i32	34208	68416	true	34208	false	0	12528	163	52.466257668711656	127	16217	11048	0.000185387	true	17624	19	450.10526315789474	32546	26057	20843	0.000166407	true	slp_i8	12528	5.461047254150702	2.730523627075351	true	true	42763	30418	42763	30418
leworldmodel_full	2729	cpu	dur	aten::as_strided	8552	8552	false	i32	34208	68416	true	34208	false	0	8640	1	8552.0	6	8633	323	0.000167618	true	17192	1	8552.0	6	8634	323	0.000170258	true	slp_i8	8640	7.9185185185185185	3.9592592592592593	true	true	8555	229	8555	229
leworldmodel_full	536	cpu	ts	omegaconf/basecontainer.py(0): _value	8531	8531	false	i32	34124	68248	true	34124	false	0	14955	265	32.19245283018868	127	19717	11121	0.000183651	true	17534	17	501.8235294117647	32761	25844	20825	0.000165645	true	slp_i8	14955	4.563557338682715	2.2817786693413575	true	true	40814	28359	40814	28359
leworldmodel_full	536	cpu	dur	omegaconf/basecontainer.py(0): _value	8531	8531	false	i32	34124	68248	true	34124	false	0	8619	1	8531.0	4	8612	164	0.000166355	true	17150	1	8531.0	4	8613	165	0.000166074	true	slp_i8	8619	7.918319990718181	3.9591599953590904	true	true	8534	86	8534	86
leworldmodel_full	420	cpu	ts	omegaconf/_utils.py(0): _is_interpolation	8481	8481	false	i32	33924	67848	true	33924	false	0	15289	281	30.181494661921707	127	20322	12224	0.000186261	true	17338	13	652.3846153846154	32577	25383	20029	0.000165006	true	slp_i8	15289	4.437700307410557	2.2188501537052785	true	true	37964	27632	37964	27632
leworldmodel_full	420	cpu	dur	omegaconf/_utils.py(0): _is_interpolation	8481	8481	false	i32	33924	67848	true	33924	false	0	8569	1	8481.0	31	8562	1489	0.000167625	true	17050	1	8481.0	32	8563	1431	0.000168363	true	slp_i8	8569	7.917843388960206	3.958921694480103	true	true	8484	1095	8484	1095
leworldmodel_full	69	cpu	ts	<built-in function fspath>	8397	8397	false	i32	33588	67176	true	33588	false	0	17581	380	22.097368421052632	127	23193	11070	0.000179592	true	17314	19	441.94736842105266	32736	25729	19835	0.000165004	true	slp_i16	17314	3.8798660043895112	1.9399330021947556	true	true	40616	12086	40616	12086
leworldmodel_full	69	cpu	dur	<built-in function fspath>	8397	8397	false	i32	33588	67176	true	33588	false	0	8485	1	8397.0	6	8474	136	0.000158585	true	16882	1	8397.0	6	8475	137	0.000159207	true	slp_i8	8485	7.917030053034767	3.9585150265173836	true	true	8400	66	8400	66
leworldmodel_full	97	cpu	ts	<built-in method endswith of str object at 0x0f0d0ad0d0f0>	8368	8368	false	i32	33472	66944	true	33472	false	0	14096	236	35.45762711864407	127	18519	9661	0.000173901	true	17064	11	760.7272727272727	32760	25329	20081	0.000166088	true	slp_i8	14096	4.749148694665153	2.3745743473325764	true	true	40959	8049	40959	8049
leworldmodel_full	97	cpu	dur	<built-in method endswith of str object at 0x0f0d0ad0d0f0>	8368	8368	false	i32	33472	66944	true	33472	false	0	8456	1	8368.0	2	8445	101	0.000158402	true	16824	1	8368.0	2	8446	102	0.00015886	true	slp_i8	8456	7.916745506149479	3.9583727530747397	true	true	8371	30	8371	30
leworldmodel_full	976	cpu	ts	yaml/scanner.py(0): check_token	8236	8236	false	i32	32944	65888	true	32944	false	0	9380	45	183.0222222222222	127	10464	7191	0.000169348	true	16584	2	4118.0	23847	24693	19988	0.00015946	true	slp_i8	9380	7.024307036247334	3.512153518123667	true	true	32947	13168	32947	13168
leworldmodel_full	976	cpu	dur	yaml/scanner.py(0): check_token	8236	8236	false	i32	32944	65888	true	32944	false	0	8492	8	1029.5	127	14830	4238	0.000165053	true	16560	1	8236.0	489	12658	3101	0.0001634	true	slp_i8	8492	7.758831841733397	3.8794159208666983	true	true	8256	1513	8256	1513
leworldmodel_full	720	cpu	ts	antlr0/InputStream.py(0): LA	8038	8038	false	i32	32152	64304	true	32152	false	0	10070	82	98.02439024390245	127	13347	8094	0.0001644	true	16284	6	1339.6666666666667	32761	24085	19823	0.000156382	true	slp_i8	10070	6.385700099304866	3.192850049652433	true	true	39809	26091	39809	26091
leworldmodel_full	720	cpu	dur	antlr0/InputStream.py(0): LA	8038	8038	false	i32	32152	64304	true	32152	false	0	8126	1	8038.0	1	8115	139	0.000152189	true	16164	1	8038.0	1	8116	140	0.000152324	true	slp_i8	8126	7.91336450898351	3.956682254491755	true	true	8041	69	8041	69
leworldmodel_full	2443	cpu	ts	pkg_resources/_vendor/packaging/version.py(0): <genexpr>	7818	7818	false	i32	31272	62544	true	31272	false	0	8074	8	977.25	127	8827	5984	0.000154453	true	15724	1	7818.0	6867	23153	13557	0.000152673	true	slp_i8	8074	7.746346296755016	3.873173148377508	true	true	39093	4884	39093	4884
leworldmodel_full	2443	cpu	dur	pkg_resources/_vendor/packaging/version.py(0): <genexpr>	7818	7818	false	i32	31272	62544	true	31272	false	0	7906	1	7818.0	3	7899	112	0.000150591	true	15724	1	7818.0	3	7900	113	0.000154869	true	slp_i8	7906	7.910953706046041	3.9554768530230207	true	true	7821	33	7821	33
leworldmodel_full	399	cpu	ts	omegaconf/_utils.py(0): is_dataclass	7699	7699	false	i32	30796	61592	true	30796	false	0	13307	231	33.32900432900433	127	17910	10970	0.000168506	true	15630	7	1099.857142857143	18453	23209	17744	0.000148917	true	slp_i8	13307	4.628541369204179	2.3142706846020893	true	true	33422	24509	33422	24509
leworldmodel_full	399	cpu	dur	omegaconf/_utils.py(0): is_dataclass	7699	7699	false	i32	30796	61592	true	30796	false	0	7787	1	7699.0	4	7780	801	0.00015161	true	15486	1	7699.0	4	7777	612	0.000150658	true	slp_i8	7787	7.909592911262361	3.9547964556311803	true	true	7702	461	7702	461
leworldmodel_full	396	cpu	ts	omegaconf/_utils.py(0): is_attr_class	7647	7647	false	i32	30588	61176	true	30588	false	0	13279	232	32.96120689655172	127	17883	10779	0.000167603	true	15526	7	1092.4285714285713	18760	23039	17957	0.000149121	true	slp_i8	13279	4.606973416672942	2.303486708336471	true	true	33192	24360	33192	24360
leworldmodel_full	396	cpu	dur	omegaconf/_utils.py(0): is_attr_class	7647	7647	false	i32	30588	61176	true	30588	false	0	7735	1	7647.0	57	11053	1372	0.000150266	true	15382	1	7647.0	57	11187	1422	0.000149837	true	slp_i8	7735	7.908985132514545	3.9544925662572723	true	true	7650	672	7650	672
leworldmodel_full	395	cpu	ts	omegaconf/_utils.py(0): is_structured_config	7639	7639	false	i32	30556	61112	true	30556	false	0	13271	232	32.92672413793103	127	17870	10756	0.00016739	true	15510	7	1091.2857142857142	18944	23047	17762	0.00014705	true	slp_i8	13271	4.604928038580363	2.3024640192901815	true	true	33168	24341	33168	24341
leworldmodel_full	395	cpu	dur	omegaconf/_utils.py(0): is_structured_config	7639	7639	false	i32	30556	61112	true	30556	false	0	7727	1	7639.0	64	11631	2529	0.000149792	true	15366	1	7639.0	64	11862	2544	0.000149286	true	slp_i8	7727	7.908890902031836	3.954445451015918	true	true	7642	1415	7642	1415
leworldmodel_full	2904	cpu	ts	torch/nn/modules/module.py(0): _call_impl	7436	7436	false	i32	29744	59488	true	29744	false	0	10980	145	51.282758620689656	127	14624	9736	0.000160014	true	15200	11	676.0	32705	22558	18242	0.000143579	true	slp_i8	10980	5.417850637522768	2.708925318761384	true	true	37183	26297	37183	26297
leworldmodel_full	2904	cpu	dur	torch/nn/modules/module.py(0): _call_impl	7436	7436	false	i32	29744	59488	true	29744	false	0	27948	852	8.727699530516432	127	36403	14160	0.000172275	true	15368	18	413.1111111111111	32095	22857	17451	0.000148479	true	slp_i16	15368	3.870900572618428	1.935450286309214	true	true	8845	5865	8845	5865
qwen3_full	225	cpu	ts	ac0g	4183371	1000000	true	i32	4000000	8000000	true	4000000	false	0	5574920	190619	5.246066761445606	127	8251189	2680782	0.022033207	true	2094960	3954	252.90844714213455	32767	2993212	2175882	0.01983536	true	slp_i16	2094960	3.818688662313362	1.909344331156681	true	true	4992698	3628498	4992698	3628498
qwen3_full	286	cpu	ts	ac0g	3069120	1000000	true	i32	4000000	8000000	true	4000000	false	0	9648080	360334	2.775203006099896	127	14395891	3674895	0.023014266	true	2087832	3657	273.4481815695926	32767	3110215	2455478	0.020021205	true	slp_i16	2087832	3.831725924308086	1.915862962154043	true	true	4999018	3874299	4999018	3874299
qwen3_full	1	cpu	ts	aten::empty	2934720	1000000	true	i32	4000000	8000000	true	4000000	false	0	5480360	186679	5.356788926445931	127	8172251	2497486	0.022344704	true	2108736	4528	220.84805653710248	32766	3096433	2218459	0.019900261	true	slp_i16	2108736	3.7937418434550367	1.8968709217275184	true	true	4991534	3665630	4991534	3665630
qwen3_full	1	cpu	dur	aten::empty	2934720	1000000	true	i32	4000000	8000000	true	4000000	false	0	1001096	43	23255.81395348837	127	1283235	395688	0.01993227	true	2000448	16	62500.0	2505	1000564	317407	0.020341103	true	slp_i8	1001096	7.991241599207269	3.9956207996036346	true	true	1000047	294728	1000047	294728
qwen3_full	3	cpu	ts	suLaunchKernel	1806096	1000000	true	i32	4000000	8000000	true	4000000	false	0	7484192	270172	3.7013458093362748	127	11123037	3171482	0.022484107	true	2172552	7187	139.14011409489356	32765	3095377	2230777	0.020070265	true	slp_i16	2172552	3.6823054177759613	1.8411527088879807	true	true	4993285	3766181	4993285	3766181
qwen3_full	3	cpu	dur	suLaunchKernel	1806096	1000000	true	i32	4000000	8000000	true	4000000	false	0	1001024	40	25000.0	127	1516714	739650	0.019908297	true	2000448	16	62500.0	2164	1141142	627164	0.020975703	true	slp_i8	1001024	7.991816380026853	3.9959081900134263	true	true	1000109	560562	1000109	560562
qwen3_full	24	cpu	ts	aten::copy_	1653920	1000000	true	i32	4000000	8000000	true	4000000	false	0	6449360	227054	4.40423863926643	127	9480914	2601402	0.022470788	true	2132280	5509	181.52114721365038	32767	3159251	2339448	0.019921065	true	slp_i16	2132280	3.751852477160598	1.875926238580299	true	true	4997457	3753044	4997457	3753044
qwen3_full	24	cpu	dur	aten::copy_	1653920	1000000	true	i32	4000000	8000000	true	4000000	false	0	4883960	161829	6.179362166237201	127	6814966	1573694	0.021143669	true	2098368	4096	244.140625	32767	2349348	1671867	0.01991227	true	slp_i16	2098368	3.812486656296703	1.9062433281483515	true	true	1304816	727847	1304816	727847
qwen3_full	140	cpu	ts	aten::item	1393472	1000000	true	i32	4000000	8000000	true	4000000	false	0	2420984	59205	16.890465332319906	126	3183565	732448	0.021279767	true	2220696	9193	108.77841836179702	32471	3297018	1841264	0.019946666	true	slp_i16	2220696	3.60247417926632	1.80123708963316	true	true	4999971	3326966	4999971	3326966
qwen3_full	140	cpu	dur	aten::item	1393472	1000000	true	i32	4000000	8000000	true	4000000	false	0	1008920	369	2710.027100271003	33	1012177	257125	0.020113171	true	2008920	369	2710.027100271003	32	1012022	255491	0.020024226	true	slp_i8	1008920	7.929270903540419	3.9646354517702096	true	true	1001457	236841	1001457	236841
qwen3_full	141	cpu	ts	aten::_local_scalar_dense	1393472	1000000	true	i32	4000000	8000000	true	4000000	false	0	2420984	59205	16.890465332319906	127	3183567	728707	0.020762389	true	2220696	9193	108.77841836179702	32472	3297037	1839540	0.020012968	true	slp_i16	2220696	3.60247417926632	1.80123708963316	true	true	4999971	3351132	4999971	3351132
qwen3_full	141	cpu	dur	aten::_local_scalar_dense	1393472	1000000	true	i32	4000000	8000000	true	4000000	false	0	1008920	369	2710.027100271003	28	1012181	189599	0.021271955	true	2008920	369	2710.027100271003	27	1011930	190832	0.020844805	true	slp_i8	1008920	7.929270903540419	3.9646354517702096	true	true	1001457	181347	1001457	181347
qwen3_full	28	cpu	ts	suMemcpyAsync	987692	987692	false	i32	3950768	7901536	true	3950768	false	0	9515580	355326	2.7796783798539932	127	14189488	3556009	0.022366136	true	2343032	15316	64.48759467223819	32767	3458516	2445680	0.019888911	true	slp_i16	2343032	3.3723551364215254	1.6861775682107627	true	true	4931409	3776464	4931409	3776464
qwen3_full	28	cpu	dur	suMemcpyAsync	987692	987692	false	i32	3950768	7901536	true	3950768	false	0	1801356	33900	29.135457227138644	127	2126469	875885	0.020228748	true	2117648	5925	166.6990717299578	32767	1920210	1357639	0.020177967	true	slp_i8	1801356	4.386437772433656	2.193218886216828	true	true	1023790	583986	1023790	583986
qwen3_full	33	cpu	ts	suStreamWaitEvent	788592	788592	false	i32	3154368	6308736	true	3154368	false	0	9161488	348868	2.2604308793010537	127	13668672	3261189	0.018599007	true	1893952	13196	59.759927250682026	32767	2755637	1926273	0.016010101	true	slp_i16	1893952	3.3309904369276517	1.6654952184638259	true	true	3936765	3061596	3936765	3061596
qwen3_full	33	cpu	dur	suStreamWaitEvent	788592	788592	false	i32	3154368	6308736	true	3154368	false	0	788992	14	56328.0	93	841548	279786	0.016591399	true	1577560	13	60660.92307692308	2317	789018	249030	0.016247071	true	slp_i8	788992	7.995944192083063	3.9979720960415315	true	true	788600	235003	788600	235003
qwen3_full	18	cpu	ts	aten::as_strided	775680	775680	false	i32	3102720	6205440	true	3102720	false	0	3998272	134272	5.776930409914204	127	5728202	1303438	0.016882629	true	1774864	9310	83.31686358754028	32767	2481975	1618120	0.01565629	true	slp_i16	1774864	3.4962904199983775	1.7481452099991888	true	true	3875837	2766185	3875837	2766185
qwen3_full	18	cpu	dur	aten::as_strided	775680	775680	false	i32	3102720	6205440	true	3102720	false	0	776032	12	64640.0	50	776086	200187	0.015631852	true	1551712	12	64640.0	55	776075	193544	0.015886776	true	slp_i8	776032	7.996371283658406	3.998185641829203	true	true	775685	187427	775685	187427
qwen3_full	137	cpu	ts	aten::select	524288	524288	false	i32	2097152	4194304	true	2097152	false	0	1310784	32768	16.0	126	1728755	373419	0.011166524	true	1337792	12048	43.51660026560425	31110	1988971	867748	0.010572663	true	slp_i8	1310784	3.199843757629022	1.599921878814511	true	true	2621381	1797451	2621381	1797451
qwen3_full	137	cpu	dur	aten::select	524288	524288	false	i32	2097152	4194304	true	2097152	false	0	524544	8	65536.0	46	524576	131432	0.010280307	true	1048832	8	65536.0	50	524579	129283	0.010583806	true	slp_i8	524544	7.996095656417765	3.9980478282088825	true	true	524293	122265	524293	122265
qwen3_full	68	cpu	ts	detach	487104	487104	false	i32	1948416	3896832	true	1948416	false	0	6332104	243539	2.000106759081708	127	9431185	2151109	0.011049791	true	1149304	7293	66.79062114356232	32767	1689434	1182009	0.01000253	true	slp_i16	1149304	3.39060161628255	1.695300808141275	true	true	2433185	1905729	2433185	1905729
qwen3_full	68	cpu	dur	detach	487104	487104	false	i32	1948416	3896832	true	1948416	false	0	487360	8	60888.0	57	487390	132127	0.009858232	true	974464	8	60888.0	57	487395	130686	0.009998197	true	slp_i8	487360	7.995797767564018	3.997898883782009	true	true	487109	125125	487109	125125
qwen3_full	67	cpu	ts	aten::detach	486848	486848	false	i32	1947392	3894784	true	1947392	false	0	6328776	243411	2.000106815221991	121	9426191	2151933	0.010831915	true	1149968	7342	66.30999727594661	32767	1690401	1183232	0.009932262	true	slp_i16	1149968	3.3868629387948186	1.6934314693974093	true	true	2431905	1904350	2431905	1904350
qwen3_full	67	cpu	dur	aten::detach	486848	486848	false	i32	1947392	3894784	true	1947392	false	0	487104	8	60856.0	103	514047	152673	0.00975633	true	973952	8	60856.0	113	487133	141749	0.010078525	true	slp_i8	487104	7.995795559059256	3.997897779529628	true	true	486853	135348	486853	135348
qwen3_full	25	cpu	ts	aten::to	463104	463104	false	i32	1852416	3704832	true	1852416	false	0	5096872	193071	2.398620196715198	127	7597529	1859050	0.010367067	true	1112224	7748	59.77077955601445	32766	1645043	1153093	0.009399085	true	slp_i16	1112224	3.3310124579221454	1.6655062289610727	true	true	2313409	1795124	2313409	1795124
qwen3_full	25	cpu	dur	aten::to	463104	463104	false	i32	1852416	3704832	true	1852416	false	0	1275640	33853	13.679851121023248	127	1642219	515449	0.009453062	true	1072216	6081	76.15589541193883	32767	928732	628535	0.009285594	true	slp_i16	1072216	3.455303782073761	1.7276518910368805	true	true	499106	311103	499106	311103
qwen3_full	88	gpu	ts	Memcpy DtoH (Device -> Pinned)	462896	462896	false	i32	1851584	3703168	true	1851584	false	0	5061120	191590	2.4160759956156377	127	7520982	1903718	0.011426293	true	1061984	5672	81.61071932299012	32763	1573075	1169254	0.009323487	true	slp_i16	1061984	3.487028053153343	1.7435140265766715	true	true	2314349	1810443	2314349	1810443
qwen3_full	88	gpu	dur	Memcpy DtoH (Device -> Pinned)	462896	462896	false	i32	1851584	3703168	true	1851584	false	0	4919160	185675	2.493044297832234	127	6797033	1561602	0.012526288	true	926048	8	57862.0	11565	1354845	804161	0.009135221	true	slp_i16	926048	3.9988942257852726	1.9994471128926363	true	true	1254517	623061	1254517	623061
qwen3_full	173	gpu	ts	Memcpy HtoD (Pinned -> Device)	462368	462368	false	i32	1849472	3698944	true	1849472	false	0	4962216	187491	2.4660810385565175	127	7368443	1943050	0.010958129	true	1723736	33289	13.889513052359638	32764	2488992	1248461	0.009732483	true	slp_i16	1723736	2.1458877693567926	1.0729438846783963	true	true	2311845	1821184	2311845	1821184
qwen3_full	173	gpu	dur	Memcpy HtoD (Pinned -> Device)	462368	462368	false	i32	1849472	3698944	true	1849472	false	0	5259696	199886	2.313158500345197	127	7221857	1618478	0.011048491	true	924992	8	57796.0	12788	1354320	819057	0.009233644	true	slp_i16	924992	3.9988929633986023	1.9994464816993012	true	true	1253989	645641	1253989	645641
qwen3_full	32	cpu	ts	record_param_comms	419088	419088	false	i32	1676352	3352704	true	1676352	false	0	5410648	207979	2.015049596353478	127	8048234	1794314	0.009360931	true	1105000	11115	37.70472334682861	32767	1590885	999488	0.008694417	true	slp_i16	1105000	3.034121266968326	1.517060633484163	true	true	2092045	1610497	2092045	1610497
qwen3_full	32	cpu	dur	record_param_comms	419088	419088	false	i32	1676352	3352704	true	1676352	false	0	731128	12999	32.24001846295869	127	1043693	524802	0.008536227	true	838408	7	59869.71428571428	20364	1171038	492894	0.008303738	true	slp_i8	731128	4.5856594194176665	2.2928297097088333	true	true	603523	286693	603523	286693
qwen3_full	226	cpu	ts	fwdbwd	362496	362496	false	i32	1449984	2899968	true	1449984	false	0	3800200	143235	2.5307780919468006	127	5679285	1428341	0.008403186	true	949456	9350	38.7696256684492	32767	1397131	921872	0.007457745	true	slp_i16	949456	3.0543469102307004	1.5271734551153502	true	true	1807813	1392002	1807813	1392002
qwen3_full	227	cpu	ts	fwdbwd	362496	362496	false	i32	1449984	2899968	true	1449984	false	0	4432192	169568	2.137761841856954	127	6595816	1540610	0.008368313	true	921664	8192	44.25	13241	1299292	763866	0.00735283	true	slp_i16	921664	3.1464481633219914	1.5732240816609957	true	true	1812485	1369588	1812485	1369588
qwen3_full	27	cpu	ts	aten::empty_strided	352736	352736	false	i32	1410944	2821888	true	1410944	false	0	3649488	137362	2.5679299951951777	127	5384176	1212192	0.007707308	true	882872	7389	47.73798890242252	32767	1296060	880570	0.007146365	true	slp_i16	882872	3.196259480422983	1.5981297402114916	true	true	1762065	1360618	1762065	1360618
qwen3_full	27	cpu	dur	aten::empty_strided	352736	352736	false	i32	1410944	2821888	true	1410944	false	0	353016	9	39192.88888888889	73	354118	129816	0.007037182	true	705680	6	58789.333333333336	2502	480060	154258	0.00704261	true	slp_i8	353016	7.993654678541483	3.9968273392707414	true	true	352745	113362	352745	113362
qwen3_full	26	cpu	ts	aten::_to_copy	351136	351136	false	i32	1404544	2809088	true	1404544	false	0	3631184	136666	2.5693003380504296	127	5356865	1209478	0.007745882	true	873888	7148	49.12367095691103	32767	1283305	874207	0.007152664	true	slp_i16	873888	3.2144714196784943	1.6072357098392471	true	true	1754097	1366030	1754097	1366030
qwen3_full	26	cpu	dur	aten::_to_copy	351136	351136	false	i32	1404544	2809088	true	1404544	false	0	1163000	33825	10.380960827790096	127	1491706	394116	0.007258664	true	842472	5839	60.136324713135814	32767	749436	470005	0.007069789	true	slp_i16	842472	3.334339894975738	1.667169947487869	true	true	386780	225432	386780	225432
qwen3_full	70	cpu	ts	tensor_pool_is_get_from_pool: True	328704	328704	false	i32	1314816	2629632	true	1314816	false	0	4272952	164341	2.000133867993988	127	6342472	1415046	0.007498544	true	827080	7067	46.512522994198385	32767	1204573	792830	0.006817583	true	slp_i16	827080	3.1794167432412825	1.5897083716206413	true	true	1641185	1261968	1641185	1261968
qwen3_full	70	cpu	dur	tensor_pool_is_get_from_pool: True	328704	328704	false	i32	1314816	2629632	true	1314816	false	0	328912	6	54784.0	34	328936	66291	0.00663202	true	657616	6	54784.0	35	328917	64372	0.006408125	true	slp_i8	328912	7.994940896045143	3.9974704480225713	true	true	328709	64258	328709	64258
qwen3_full	75	cpu	ts	tensor_pool_try_add: 0	328704	328704	false	i32	1314816	2629632	true	1314816	false	0	4273048	164345	2.000085186650035	127	6342875	1386577	0.007435746	true	824632	6965	47.193682699210335	32767	1204133	791054	0.006775297	true	slp_i16	824632	3.1888551499335462	1.5944275749667731	true	true	1641645	1262038	1641645	1262038
qwen3_full	75	cpu	dur	tensor_pool_try_add: 0	328704	328704	false	i32	1314816	2629632	true	1314816	false	0	328912	6	54784.0	42	328932	85265	0.006566554	true	657616	6	54784.0	42	328937	86883	0.006855635	true	slp_i8	328912	7.994940896045143	3.9974704480225713	true	true	328709	83287	328709	83287
qwen3_full	81	cpu	ts	tensor_pool_free_from_pool: 0	328704	328704	false	i32	1314816	2629632	true	1314816	false	0	4230736	162582	2.0217736280769087	127	6282119	1466196	0.007366434	true	820912	6810	48.26784140969163	32767	1201458	792984	0.006736912	true	slp_i16	820912	3.203305591829575	1.6016527959147875	true	true	1641649	1261547	1641649	1261547
qwen3_full	81	cpu	dur	tensor_pool_free_from_pool: 0	328704	328704	false	i32	1314816	2629632	true	1314816	false	0	328912	6	54784.0	31	328936	79902	0.006663043	true	657616	6	54784.0	34	328927	78230	0.007209939	true	slp_i8	328912	7.994940896045143	3.9974704480225713	true	true	328709	76960	328709	76960
qwen3_full	114	cpu	ts	tensor_pool_try_free: 0	311808	311808	false	i32	1247232	2494464	true	1247232	false	0	3859288	147809	2.109533248990251	127	5733552	1357213	0.007232655	true	787888	6842	45.57263957907045	32767	1152307	754881	0.006478277	true	slp_i16	787888	3.166013443535122	1.583006721767561	true	true	1557649	1197378	1557649	1197378
qwen3_full	114	cpu	dur	tensor_pool_try_free: 0	311808	311808	false	i32	1247232	2494464	true	1247232	false	0	311992	5	62361.6	45	312011	97224	0.00631766	true	623800	5	62361.6	45	312008	93537	0.006452427	true	slp_i8	311992	7.9952819303059055	3.9976409651529528	true	true	311813	90085	311813	90085
qwen3_full	30	cpu	ts	suStreamSynchronize	259696	259696	false	i32	1038784	2077568	true	1038784	false	0	3132008	119677	2.1699741805025194	127	4641745	1171562	0.00602469	true	595248	3158	82.23432552248258	32767	882325	661542	0.005177653	true	slp_i16	595248	3.490256162137462	1.745128081068731	true	true	1297921	989523	1297921	989523
qwen3_full	30	cpu	dur	suStreamSynchronize	259696	259696	false	i32	1038784	2077568	true	1038784	false	0	3310856	127129	2.042775448560124	127	4620006	1012000	0.005839033	true	568944	2062	125.94374393792434	32767	841641	616374	0.005139738	true	slp_i16	568944	3.651621249191485	1.8258106245957424	true	true	752369	442325	752369	442325
qwen3_full	69	cpu	ts	tensor_pool_get_from_pool: 0, 0, 0, [0,0,0]_torch.bfloat0_supa:0	230400	230400	false	i32	921600	1843200	true	921600	false	0	2995168	115196	2.0000694468557936	121	4426456	1027967	0.005116962	true	623104	6760	34.082840236686394	32767	917673	588699	0.004786622	true	slp_i16	623104	2.9580936729663105	1.4790468364831553	true	true	1150593	884903	1150593	884903
qwen3_full	69	cpu	dur	tensor_pool_get_from_pool: 0, 0, 0, [0,0,0]_torch.bfloat0_supa:0	230400	230400	false	i32	921600	1843200	true	921600	false	0	230560	4	57600.0	18	230574	71138	0.004659546	true	460960	4	57600.0	22	230575	68436	0.0047497	true	slp_i8	230560	7.994448299791811	3.9972241498959056	true	true	230405	65713	230405	65713
qwen3_full	87	cpu	ts	_to_cpu_with_layout	230400	230400	false	i32	921600	1843200	true	921600	false	0	2208880	82434	2.7949632433219302	117	3231420	747754	0.005076443	true	605968	6046	38.10783989414489	32763	892303	579238	0.004749624	true	slp_i16	605968	3.0417447786021703	1.5208723893010851	true	true	1145509	873072	1145509	873072
qwen3_full	87	cpu	dur	_to_cpu_with_layout	230400	230400	false	i32	921600	1843200	true	921600	false	0	234496	168	1371.4285714285713	127	270899	201457	0.004685957	true	460960	4	57600.0	4211	417346	212585	0.004671916	true	slp_i8	234496	7.860262008733624	3.930131004366812	true	true	230668	153778	230668	153778
qwen3_full	172	cpu	ts	_to_supa_with_layout	230400	230400	false	i32	921600	1843200	true	921600	false	0	2208832	82432	2.7950310559006213	67	3233524	741587	0.005047024	true	657472	8192	28.125	17948	961989	541385	0.004743629	true	slp_i16	657472	2.803465394724034	1.401732697362017	true	true	1152005	867943	1152005	867943
qwen3_full	172	cpu	dur	_to_supa_with_layout	230400	230400	false	i32	921600	1843200	true	921600	false	0	230584	5	46080.0	127	311160	199989	0.004596743	true	460960	4	57600.0	195	230592	153870	0.00465664	true	slp_i8	230584	7.993616209277313	3.9968081046386565	true	true	230489	146582	230489	146582
qwen3_full	35	cpu	ts	suTaskGraphLaunch	217344	217344	false	i32	869376	1738752	true	869376	false	0	2815912	108271	2.0074073389919738	127	4157287	988870	0.0049064	true	672784	9918	21.914095583787052	32767	961956	542956	0.004597274	true	slp_i16	672784	2.5844134224357296	1.2922067112178648	true	true	1084785	835944	1084785	835944
qwen3_full	35	cpu	dur	suTaskGraphLaunch	217344	217344	false	i32	869376	1738752	true	869376	false	0	309496	3837	56.644253322908526	127	466687	249738	0.004533587	true	434848	4	54336.0	5053	615242	233404	0.004264362	true	slp_i8	309496	5.618011218238685	2.8090056091193425	true	true	231955	153193	231955	153193
qwen3_full	16	cpu	ts	aten::narrow	215552	215552	false	i32	862208	1724416	true	862208	false	0	1863600	68666	3.1391372731774094	127	2721132	560515	0.004677666	true	653768	9275	23.24010781671159	32767	818811	450086	0.004522476	true	slp_i16	653768	2.637657395283954	1.318828697641977	true	true	1075853	752919	1075853	752919
qwen3_full	16	cpu	dur	aten::narrow	215552	215552	false	i32	862208	1724416	true	862208	false	0	215712	4	53888.0	61	215726	71533	0.004302458	true	431264	4	53888.0	69	215727	70183	0.004337091	true	slp_i8	215712	7.994066162290461	3.9970330811452306	true	true	215557	66499	215557	66499
qwen3_full	19	cpu	ts	aten::view	215104	215104	false	i32	860416	1720832	true	860416	false	0	2579168	98500	2.1837969543147207	127	3813553	913826	0.004865	true	590424	6673	32.23497677206654	32767	872027	565557	0.004496383	true	slp_i16	590424	2.9145698684335324	1.4572849342167662	true	true	1074581	825523	1074581	825523
qwen3_full	19	cpu	dur	aten::view	215104	215104	false	i32	860416	1720832	true	860416	false	0	215288	5	43020.8	31	215311	57132	0.004434509	true	430368	4	53776.0	1660	215281	56786	0.004425659	true	slp_i8	215288	7.993162647244621	3.9965813236223107	true	true	215111	55101	215111	55101
qwen3_full	76	cpu	ts	dist_tensor_model_parallel_group	198912	198912	false	i32	795648	1591296	true	795648	false	0	2584744	99407	2.0009858460671786	127	3810863	901354	0.004441932	true	551608	6405	31.055737704918034	32766	794145	481257	0.004133091	true	slp_i16	551608	2.884831256979594	1.442415628489797	true	true	993153	764606	993153	764606
qwen3_full	76	cpu	dur	dist_tensor_model_parallel_group	198912	198912	false	i32	795648	1591296	true	795648	false	0	227560	1191	167.0125944584383	127	320233	222526	0.004158407	true	397984	4	49728.0	5488	413763	227742	0.003990503	true	slp_i8	227560	6.992863420636316	3.496431710318158	true	true	545710	238697	545710	238697
qwen3_full	179	cpu	ts	autograd::engine::evaluate_function: torch::autograd::AccumulateGrad	185088	185088	false	i32	740352	1480704	true	740352	false	0	2406184	92543	2.0000216115751597	117	3543511	819426	0.004193959	true	566848	8192	22.59375	16908	835282	460140	0.003873987	true	slp_i16	566848	2.6121711640510332	1.3060855820255166	true	true	925445	701850	925445	701850
qwen3_full	179	cpu	dur	autograd::engine::evaluate_function: torch::autograd::AccumulateGrad	185088	185088	false	i32	740352	1480704	true	740352	false	0	203008	744	248.7741935483871	127	324184	169246	0.003844216	true	370312	3	61696.0	1144	383491	132139	0.003738897	true	slp_i8	203008	7.293820933165195	3.6469104665825975	true	true	203635	89156	203635	89156
qwen3_full	180	cpu	ts	torch::autograd::AccumulateGrad	185088	185088	false	i32	740352	1480704	true	740352	false	0	2406184	92543	2.0000216115751597	117	3543511	819699	0.004152937	true	566848	8192	22.59375	16908	835285	459839	0.003849172	true	slp_i16	566848	2.6121711640510332	1.3060855820255166	true	true	925445	700124	925445	700124
qwen3_full	180	cpu	dur	torch::autograd::AccumulateGrad	185088	185088	false	i32	740352	1480704	true	740352	false	0	185224	3	61696.0	22	185233	37641	0.003703807	true	370312	3	61696.0	24	185232	36882	0.003661442	true	slp_i8	185224	7.994126031183864	3.997063015591932	true	true	185093	36033	185093	36033
qwen3_full	91	gpu	ts	void at::supa::be::CopyKernelRowMatrix<__bf0, (suMemArchType)0, 0>(tensor::DynMatrix0D<__bf0, (suMemArchType)0, (tensor::MatrixLayout)0>, tensor::DynMatrix0D<__bf0, (suMemArchType)0, (tensor::MatrixLayout)0>, unsigned int, unsigned int, unsigned int, unsigned int, unsigned int)	164096	164096	false	i32	656384	1312768	true	656384	false	0	2133024	82036	2.0002925544882735	122	3133771	721638	0.003717557	true	516200	7831	20.954667347720598	32767	754584	466664	0.003566129	true	slp_i16	516200	2.543138318481209	1.2715691592406044	true	true	820461	636238	820461	636238
qwen3_full	91	gpu	dur	void at::supa::be::CopyKernelRowMatrix<__bf0, (suMemArchType)0, 0>(tensor::DynMatrix0D<__bf0, (suMemArchType)0, (tensor::MatrixLayout)0>, tensor::DynMatrix0D<__bf0, (suMemArchType)0, (tensor::MatrixLayout)0>, unsigned int, unsigned int, unsigned int, unsigned int, unsigned int)	164096	164096	false	i32	656384	1312768	true	656384	false	0	2105208	80877	2.0289575528271326	39	2869019	435443	0.003762034	true	328328	3	54698.666666666664	754	430836	197399	0.003233759	true	slp_i16	328328	3.99834312029434	1.99917156014717	true	true	393969	150754	393969	150754
qwen3_full	94	gpu	ts	void BF0_FP0_Colmaj_Normal_AiB_0UMA_Epilogue_Opt_splitBM_A0Gmb_L0_Quadruple_Buffer_Static<__bf0, __bf0, __bf0, (tensor::gemm_type::LD_TRANSPOSE)0, (tensor::gemm_type::LD_TRANSPOSE)0, (tensor::intrinsic::Mod_LMS)0, (tensor::intrinsic::Mod_LMS)0, (suMemArchType)0, (suMemArchType)0, (suMemArchType)0, (tensor::MatrixLayout)0, 0, 0, 0, 0, (sublasLtEpilogue_t)0, true>(int, int, int, int, int, int, int, int, int, int, int, int, int, int, int, int, int, int, int, int, int, int, float, float)	164096	164096	false	i32	656384	1312768	true	656384	false	0	1934088	73747	2.2251210218720763	125	2847211	712626	0.003773254	true	446360	4921	33.346067872383664	32767	655221	450422	0.003552269	true	slp_i16	446360	2.9410520655972756	1.4705260327986378	true	true	820469	636099	820469	636099
qwen3_full	94	gpu	dur	void BF0_FP0_Colmaj_Normal_AiB_0UMA_Epilogue_Opt_splitBM_A0Gmb_L0_Quadruple_Buffer_Static<__bf0, __bf0, __bf0, (tensor::gemm_type::LD_TRANSPOSE)0, (tensor::gemm_type::LD_TRANSPOSE)0, (tensor::intrinsic::Mod_LMS)0, (tensor::intrinsic::Mod_LMS)0, (suMemArchType)0, (suMemArchType)0, (suMemArchType)0, (tensor::MatrixLayout)0, 0, 0, 0, 0, (sublasLtEpilogue_t)0, true>(int, int, int, int, int, int, int, int, int, int, int, int, int, int, int, int, int, int, int, int, int, int, float, float)	164096	164096	false	i32	656384	1312768	true	656384	false	0	1893288	72047	2.277624328563299	127	2647361	497629	0.003841744	true	328328	3	54698.666666666664	1422	407516	236515	0.003254316	true	slp_i16	328328	3.99834312029434	1.99917156014717	true	true	492293	195432	492293	195432
qwen3_full	46	cpu	ts	aten::view	132160	132160	false	i32	528640	1057280	true	528640	false	0	1350368	50756	2.603830089053511	127	1990281	514059	0.002993637	true	374856	4603	28.71170975450793	32399	543312	312257	0.002673018	true	slp_i16	374856	2.820496403952451	1.4102482019762255	true	true	660773	502096	660773	502096
qwen3_full	46	cpu	dur	aten::view	132160	132160	false	i32	528640	1057280	true	528640	false	0	132296	3	44053.333333333336	24	132305	36368	0.002683196	true	264456	3	44053.333333333336	25	132300	35570	0.002686058	true	slp_i8	132296	7.991776017415493	3.9958880087077464	true	true	132165	34825	132165	34825
qwen3_full	112	gpu	ts	void BF0_FP0_Colmaj_Normal_AiB_0UMA_Epilogue_Opt_splitN_B0Gmb_L0_LoadOnce_Quadruple_Buffer<__bf0, __bf0, __bf0, (tensor::gemm_type::LD_TRANSPOSE)0, (tensor::gemm_type::LD_TRANSPOSE)0, (tensor::intrinsic::Mod_LMS)0, (tensor::intrinsic::Mod_LMS)0, (suMemArchType)0, (suMemArchType)0, (suMemArchType)0, (tensor::MatrixLayout)0, 0, 0, 0, (sublasLtEpilogue_t)0, true>(int, int, int, int, int, int, int, int, int, int, int, int, int, int, int, int, int, int, int, int, int, int, int, float, float)	131328	131328	false	i32	525312	1050624	true	525312	false	0	1706608	65634	2.0009141603437244	127	2494175	591893	0.002992678	true	365680	4290	30.612587412587413	32767	535291	363134	0.002860265	true	slp_i16	365680	2.873069350251586	1.436534675125793	true	true	656633	509689	656633	509689
qwen3_full	112	gpu	dur	void BF0_FP0_Colmaj_Normal_AiB_0UMA_Epilogue_Opt_splitN_B0Gmb_L0_LoadOnce_Quadruple_Buffer<__bf0, __bf0, __bf0, (tensor::gemm_type::LD_TRANSPOSE)0, (tensor::gemm_type::LD_TRANSPOSE)0, (tensor::intrinsic::Mod_LMS)0, (tensor::intrinsic::Mod_LMS)0, (suMemArchType)0, (suMemArchType)0, (suMemArchType)0, (tensor::MatrixLayout)0, 0, 0, 0, (sublasLtEpilogue_t)0, true>(int, int, int, int, int, int, int, int, int, int, int, int, int, int, int, int, int, int, int, int, int, int, int, float, float)	131328	131328	false	i32	525312	1050624	true	525312	false	0	1472584	55883	2.350052788862445	127	2014766	339678	0.003195929	true	262792	3	43776.0	1187	385823	161741	0.002535901	true	slp_i16	262792	3.9979299217632196	1.9989649608816098	true	true	393989	126069	393989	126069
qwen3_full	113	gpu	ts	void at::supa::be::pointwise_double_input<(at::supa::supaPointWiseMode_t)0, 0, (UsharpType)0, (suMemArchType)0, __bf0, unsigned int, unsigned int, unsigned int, unsigned int, unsigned int>(OneUID<__bf0, (UsharpType)0, (suMemArchType)0>, OneUID<__bf0, (UsharpType)0, (suMemArchType)0>, OneUID<__bf0, (UsharpType)0, (suMemArchType)0>, unsigned int, unsigned int, unsigned int, unsigned int, unsigned int)	131072	131072	false	i32	524288	1048576	true	524288	false	0	1633536	62600	2.0938019169329074	127	2386486	579625	0.002980819	true	519416	10717	12.23028832695717	32767	748865	397663	0.002920326	true	slp_i16	519416	2.0187595299336176	1.0093797649668088	true	true	655361	507638	655361	507638
qwen3_full	113	gpu	dur	void at::supa::be::pointwise_double_input<(at::supa::supaPointWiseMode_t)0, 0, (UsharpType)0, (suMemArchType)0, __bf0, unsigned int, unsigned int, unsigned int, unsigned int, unsigned int>(OneUID<__bf0, (UsharpType)0, (suMemArchType)0>, OneUID<__bf0, (UsharpType)0, (suMemArchType)0>, OneUID<__bf0, (UsharpType)0, (suMemArchType)0>, unsigned int, unsigned int, unsigned int, unsigned int, unsigned int)	131072	131072	false	i32	524288	1048576	true	524288	false	0	612768	20068	6.5313932629061195	127	824343	229121	0.003077381	true	262256	2	65536.0	379	293021	143706	0.002595291	true	slp_i16	262256	3.998291745470075	1.9991458727350375	true	true	324799	117729	324799	117729
qwen3_full	150	cpu	ts	aten::reshape	116736	116736	false	i32	466944	933888	true	466944	false	0	1314784	49916	2.3386489302027407	127	1917525	458424	0.002701616	true	377176	5985	19.504761904761907	32767	550425	302183	0.002513506	true	slp_i16	377176	2.476000593887204	1.238000296943602	true	true	583685	448132	583685	448132
qwen3_full	150	cpu	dur	aten::reshape	116736	116736	false	i32	466944	933888	true	466944	false	0	116872	3	38912.0	22	116883	33476	0.00233069	true	233584	2	58368.0	1663	116855	32743	0.002373909	true	slp_i8	116872	7.990690670134849	3.9953453350674244	true	true	116743	31408	116743	31408
qwen3_full	90	cpu	ts	succl:_all_gather_base_naive	115200	115200	false	i32	460800	921600	true	460800	false	0	1494280	57459	2.0049078473346214	126	2175368	533930	0.002681188	true	364672	5592	20.600858369098713	32764	520445	297450	0.002452315	true	slp_i16	364672	2.5272025272025274	1.2636012636012637	true	true	575073	443010	575073	443010
qwen3_full	90	cpu	dur	succl:_all_gather_base_naive	115200	115200	false	i32	460800	921600	true	460800	false	0	117088	76	1515.7894736842106	127	174695	102830	0.002326329	true	230512	2	57600.0	5521	242978	104234	0.0024006	true	slp_i8	117088	7.8710030062858705	3.9355015031429352	true	true	117453	75871	117453	75871
qwen3_full	118	cpu	ts	tensor_pool_get_from_pool: 0, 0, 0, [0,0]_torch.bfloat0_supa:0	98304	98304	false	i32	393216	786432	true	393216	false	0	1278016	49152	2.0	0	1850800	393915	0.002238418	true	349360	6362	15.451744734360265	32766	507331	266942	0.002105121	true	slp_i16	349360	2.251064804213419	1.1255324021067095	true	true	490597	377563	490597	377563
qwen3_full	118	cpu	dur	tensor_pool_get_from_pool: 0, 0, 0, [0,0]_torch.bfloat0_supa:0	98304	98304	false	i32	393216	786432	true	393216	false	0	98416	2	49152.0	27	98420	32066	0.001956959	true	196720	2	49152.0	42	98419	29101	0.002022765	true	slp_i8	98416	7.990895789302552	3.995447894651276	true	true	98309	28220	98309	28220
qwen3_full	77	cpu	ts	succl:_reduce_scatter_base_naive	82432	82432	false	i32	329728	659456	true	329728	false	0	1065128	40943	2.013335612925286	127	1532233	375992	0.001829652	true	296112	5466	15.080863519941456	32763	408585	218394	0.001749525	true	slp_i16	296112	2.227049224617712	1.113524612308856	true	true	411685	317210	411685	317210
qwen3_full	77	cpu	dur	succl:_reduce_scatter_base_naive	82432	82432	false	i32	329728	659456	true	329728	false	0	83912	59	1397.1525423728813	127	126026	73395	0.001654842	true	164976	2	41216.0	2473	232519	86400	0.001619126	true	slp_i8	83912	7.858899799790256	3.929449899895128	true	true	85008	53990	85008	53990
qwen3_full	79	cpu	ts	_empty_ut_only	82432	82432	false	i32	329728	659456	true	329728	false	0	886040	33481	2.4620531047459755	127	1282673	333512	0.00187612	true	296016	5462	15.091907726107653	32766	427759	230646	0.001719928	true	slp_i16	296016	2.2277714718123343	1.1138857359061671	true	true	411685	317272	411685	317272
qwen3_full	79	cpu	dur	_empty_ut_only	82432	82432	false	i32	329728	659456	true	329728	false	0	82544	2	41216.0	25	82548	38562	0.001674925	true	164976	2	41216.0	28	82549	38776	0.001646361	true	slp_i8	82544	7.989145183175034	3.994572591587517	true	true	82437	37053	82437	37053
qwen3_full	110	cpu	ts	supa_out_matmul_transpose	82176	82176	false	i32	328704	657408	true	328704	false	0	972304	37086	2.2158226824138487	127	1400578	346798	0.001862611	true	310864	6102	13.467059980334316	32767	448167	236728	0.001736743	true	slp_i16	310864	2.1147768799217666	1.0573884399608833	true	true	409957	316290	409957	316290
qwen3_full	110	cpu	dur	supa_out_matmul_transpose	82176	82176	false	i32	328704	657408	true	328704	false	0	82648	17	4833.882352941177	127	142172	78726	0.001634539	true	164464	2	41088.0	1755	123608	71834	0.001642778	true	slp_i8	82648	7.954312264059626	3.977156132029813	true	true	164642	73237	164642	73237
qwen3_full	111	cpu	ts	aten::supa_out_matmul_transpose	82176	82176	false	i32	328704	657408	true	328704	false	0	972280	37085	2.2158824322502357	127	1400530	346266	0.001842787	true	310864	6102	13.467059980334316	32767	448167	236972	0.001734596	true	slp_i16	310864	2.1147768799217666	1.0573884399608833	true	true	409957	316001	409957	316001
qwen3_full	111	cpu	dur	aten::supa_out_matmul_transpose	82176	82176	false	i32	328704	657408	true	328704	false	0	82672	18	4565.333333333333	127	142378	78657	0.001640168	true	164464	2	41088.0	1757	122271	71426	0.00163699	true	slp_i8	82672	7.952003096574415	3.9760015482872073	true	true	164620	73188	164620	73188
qwen3_full	198	gpu	ts	void at::supa::be::TypecastPlainBF0Bytes<0, (tensor::MatrixLayout)0, float>(tensor::DynMatrix0D<float, (suMemArchType)0, (tensor::MatrixLayout)0>, tensor::DynMatrix0D<__bf0, (suMemArchType)0, (tensor::MatrixLayout)0>, unsigned short, unsigned short, unsigned short)	77152	77152	false	i32	308608	617216	true	308608	false	0	626744	22897	3.369524391841726	127	901587	288867	0.002182147	true	223848	2895	26.650086355785838	32757	321266	205631	0.001578633	true	slp_i16	223848	2.7572995961545335	1.3786497980772667	true	true	385765	289467	385765	289467
qwen3_full	198	gpu	dur	void at::supa::be::TypecastPlainBF0Bytes<0, (tensor::MatrixLayout)0, float>(tensor::DynMatrix0D<float, (suMemArchType)0, (tensor::MatrixLayout)0>, tensor::DynMatrix0D<__bf0, (suMemArchType)0, (tensor::MatrixLayout)0>, unsigned short, unsigned short, unsigned short)	77152	77152	false	i32	308608	617216	true	308608	false	0	77288	3	25717.333333333332	54	77299	49417	0.001648608	true	154416	2	38576.0	2633	77271	44809	0.001718045	true	slp_i8	77288	7.985922782320671	3.9929613911603354	true	true	77455	43236	77455	43236
qwen3_full	199	gpu	ts	void at::supa::be::FusedadamVector<(suMemArchType)0, 0, 0>(tensor::DynVectors<float, (suMemArchType)0>, tensor::DynVectors<float, (suMemArchType)0>, tensor::DynVectors<float, (suMemArchType)0>, tensor::DynVectors<float, (suMemArchType)0>, float, float, float, float, float, float, float, unsigned int, unsigned int)	77152	77152	false	i32	308608	617216	true	308608	false	0	641504	23512	3.2813882272881933	127	922387	291735	0.002160169	true	223464	2879	26.798193817297673	32766	320700	205507	0.001598017	true	slp_i16	223464	2.7620377331471735	1.3810188665735867	true	true	385765	289460	385765	289460
qwen3_full	199	gpu	dur	void at::supa::be::FusedadamVector<(suMemArchType)0, 0, 0>(tensor::DynVectors<float, (suMemArchType)0>, tensor::DynVectors<float, (suMemArchType)0>, tensor::DynVectors<float, (suMemArchType)0>, tensor::DynVectors<float, (suMemArchType)0>, float, float, float, float, float, float, float, unsigned int, unsigned int)	77152	77152	false	i32	308608	617216	true	308608	false	0	82496	220	350.6909090909091	127	130324	81335	0.001573235	true	154416	2	38576.0	202	120385	71210	0.00155835	true	slp_i8	82496	7.4817688130333595	3.7408844065166797	true	true	231461	72854	231461	72854
qwen3_full	200	gpu	ts	void at::supa::be::TypecastPlain0Bytes0BF0<0, float>(tensor::Matrix0D<__bf0, (suMemArchType)0, (tensor::MatrixLayout)0, (unsigned short)0, (unsigned short)0, (unsigned short)0>, tensor::Matrix0D<float, (suMemArchType)0, (tensor::MatrixLayout)0, (unsigned short)0, (unsigned short)0, (unsigned short)0>, unsigned int)	77152	77152	false	i32	308608	617216	true	308608	false	0	643136	23580	3.2719253604749787	127	924624	291666	0.002128257	true	224304	2914	26.476321207961565	32765	321845	205472	0.001577818	true	slp_i16	224304	2.75169412939582	1.37584706469791	true	true	385765	289408	385765	289408
qwen3_full	200	gpu	dur	void at::supa::be::TypecastPlain0Bytes0BF0<0, float>(tensor::Matrix0D<__bf0, (suMemArchType)0, (tensor::MatrixLayout)0, (unsigned short)0, (unsigned short)0, (unsigned short)0>, tensor::Matrix0D<float, (suMemArchType)0, (tensor::MatrixLayout)0, (unsigned short)0, (unsigned short)0, (unsigned short)0>, unsigned int)	77152	77152	false	i32	308608	617216	true	308608	false	0	77264	2	38576.0	48	77274	47165	0.001704007	true	154416	2	38576.0	48	77275	48133	0.001674474	true	slp_i8	77264	7.9884033961482706	3.9942016980741353	true	true	154309	60328	154309	60328
qwen3_full	220	cpu	ts	Optimizer.step#FusedAdam.step	77152	77152	false	i32	308608	617216	true	308608	false	0	574376	20715	3.7244508810041035	127	826792	269922	0.002171032	true	160848	270	285.7481481481482	32765	238726	183143	0.001519937	true	slp_i16	160848	3.8372625087038696	1.9186312543519348	true	true	385765	289581	385765	289581
qwen3_full	220	cpu	dur	Optimizer.step#FusedAdam.step	77152	77152	false	i32	308608	617216	true	308608	false	0	79280	86	897.1162790697674	127	133266	74977	0.001562441	true	154416	2	38576.0	4014	129679	71817	0.001541114	true	slp_i8	79280	7.78526740665994	3.89263370332997	true	true	154540	68091	154540	68091
qwen3_full	221	cpu	ts	fused_adam	77152	77152	false	i32	308608	617216	true	308608	false	0	574544	20722	3.7231927420133193	127	827064	269871	0.00216647	true	160848	270	285.7481481481482	32760	238721	183132	0.00152237	true	slp_i16	160848	3.8372625087038696	1.9186312543519348	true	true	385765	289507	385765	289507
qwen3_full	221	cpu	dur	fused_adam	77152	77152	false	i32	308608	617216	true	308608	false	0	78224	42	1836.952380952381	127	132606	70342	0.001531312	true	154416	2	38576.0	4034	114980	67532	0.001552094	true	slp_i8	78224	7.890366128042545	3.9451830640212724	true	true	149446	67063	149446	67063
qwen3_full	222	cpu	ts	aten::fused_adam	77152	77152	false	i32	308608	617216	true	308608	false	0	574568	20723	3.723013077257154	127	827090	270331	0.002219023	true	160848	270	285.7481481481482	32759	238722	183231	0.001509066	true	slp_i16	160848	3.8372625087038696	1.9186312543519348	true	true	385765	289489	385765	289489
qwen3_full	222	cpu	dur	aten::fused_adam	77152	77152	false	i32	308608	617216	true	308608	false	0	78200	41	1881.7560975609756	127	132269	70156	0.001539939	true	154416	2	38576.0	4034	113004	66998	0.001559852	true	slp_i8	78200	7.892787723785166	3.946393861892583	true	true	145597	67043	145597	67043
qwen3_full	5	cpu	ts	sudrvMemsetD0Async	66304	66304	false	i32	265216	530432	true	265216	false	0	468152	16741	3.9605758317902158	126	652181	157989	0.001423704	true	237696	4376	15.151736745886655	25044	342339	162377	0.001417701	true	slp_i16	237696	2.2315562735595047	1.1157781367797523	true	true	330501	251181	330501	251181
qwen3_full	5	cpu	dur	sudrvMemsetD0Async	66304	66304	false	i32	265216	530432	true	265216	false	0	66416	2	33152.0	113	103541	40431	0.001300088	true	132720	2	33152.0	128	66422	29903	0.001328328	true	slp_i8	66416	7.986509274873525	3.9932546374367623	true	true	66312	29160	66312	29160
qwen3_full	149	gpu	ts	void at::supa::be::pointwise_single_input<(at::supa::supaPointWiseMode_t)0, 0, (UsharpType)0, (suMemArchType)0, __bf0>(OutUsharp<__bf0, (UsharpType)0, (suMemArchType)0>, OneUsharp<__bf0, (UsharpType)0, (suMemArchType)0>)	65856	65856	false	i32	263424	526848	true	263424	false	0	855904	32916	2.000729128691214	86	1218109	276096	0.001465577	true	292600	6701	9.827786897477989	32767	415955	204350	0.001457134	true	slp_i16	292600	1.8005741626794258	0.9002870813397129	false	false	329285	255221	329285	255221
qwen3_full	149	gpu	dur	void at::supa::be::pointwise_single_input<(at::supa::supaPointWiseMode_t)0, 0, (UsharpType)0, (suMemArchType)0, __bf0>(OutUsharp<__bf0, (UsharpType)0, (suMemArchType)0>, OneUsharp<__bf0, (UsharpType)0, (suMemArchType)0>)	65856	65856	false	i32	263424	526848	true	263424	false	0	78232	513	128.37426900584796	23	81085	40829	0.001554685	true	131824	2	32928.0	854	133729	61070	0.001272677	true	slp_i8	78232	6.734430923407301	3.3672154617036507	true	true	196933	50547	196933	50547
qwen3_full	212	cpu	ts	aten::add_	65600	65600	false	i32	262400	524800	true	262400	false	0	852864	32800	2.0	0	1213536	242677	0.001467794	true	230264	4125	15.903030303030302	32340	332848	159682	0.001397874	true	slp_i16	230264	2.2791230934926867	1.1395615467463434	true	true	328005	250005	328005	250005
qwen3_full	212	cpu	dur	aten::add_	65600	65600	false	i32	262400	524800	true	262400	false	0	65736	3	21866.666666666668	127	111075	58099	0.001296318	true	131312	2	32800.0	188	65725	42507	0.001326306	true	slp_i8	65736	7.983448947304369	3.9917244736521846	true	true	65785	40148	65785	40148
qwen3_full	105	gpu	ts	void sudnn::impl::Reorder<0u, __bf0, (suMemArchType)0, (suMemArchType)0, (tensor::MatrixLayout)0, (tensor::MatrixLayout)0>(tensor::DynMatrix0D<__bf0, (suMemArchType)0, (tensor::MatrixLayout)0>, tensor::DynMatrix0D<__bf0, (suMemArchType)0, (tensor::MatrixLayout)0>, unsigned int, unsigned int, unsigned int)	65536	65536	false	i32	262144	524288	true	262144	false	0	851408	32742	2.001588174210494	110	1211376	273023	0.001468974	true	379872	10364	6.323427248166731	32767	535071	208367	0.001466638	true	slp_i16	379872	1.38017016258108	0.69008508129054	false	false	327653	254055	327653	254055
qwen3_full	105	gpu	dur	void sudnn::impl::Reorder<0u, __bf0, (suMemArchType)0, (suMemArchType)0, (tensor::MatrixLayout)0, (tensor::MatrixLayout)0>(tensor::DynMatrix0D<__bf0, (suMemArchType)0, (tensor::MatrixLayout)0>, tensor::DynMatrix0D<__bf0, (suMemArchType)0, (tensor::MatrixLayout)0>, unsigned int, unsigned int, unsigned int)	65536	65536	false	i32	262144	524288	true	262144	false	0	65624	1	65536.0	21	65623	33425	0.0013628	true	131160	1	65536.0	28	65624	36327	0.001317891	true	slp_i8	65624	7.9892722174814095	3.9946361087407047	true	true	65541	32867	65541	32867
qwen3_full	120	cpu	ts	_GatherFromSequenceParallelRegion	65536	65536	false	i32	262144	524288	true	262144	false	0	852032	32768	2.0	0	1211824	278369	0.00146291	true	257040	5246	12.492565764391918	32764	367955	190587	0.001386734	true	slp_i16	257040	2.039713663243075	1.0198568316215375	true	true	327217	252701	327217	252701
qwen3_full	120	cpu	dur	_GatherFromSequenceParallelRegion	65536	65536	false	i32	262144	524288	true	262144	false	0	244448	7452	8.794417606011809	127	335310	126650	0.001515266	true	131160	1	65536.0	4944	188113	93034	0.001295937	true	slp_i16	131160	3.9973162549557792	1.9986581274778896	true	true	196613	89506	196613	89506
qwen3_full	128	gpu	ts	void at::supa::be::as_strided_m0d_to_m0d<(suMemArchType)0, __bf0, (suMemArchType)0, (tensor::MatrixLayout)0>(tensor::DynMatrix0D<__bf0, (suMemArchType)0, (tensor::MatrixLayout)0>, __bf0*, unsigned int, unsigned int, unsigned int, unsigned int, unsigned int, unsigned int, int, int, int, int)	65536	65536	false	i32	262144	524288	true	262144	false	0	850760	32715	2.003240103927862	127	1210504	260575	0.001506068	true	378336	10300	6.362718446601942	32767	532876	202684	0.001479157	true	slp_i16	378336	1.3857734923454283	0.6928867461727142	false	false	327677	253776	327677	253776
qwen3_full	128	gpu	dur	void at::supa::be::as_strided_m0d_to_m0d<(suMemArchType)0, __bf0, (suMemArchType)0, (tensor::MatrixLayout)0>(tensor::DynMatrix0D<__bf0, (suMemArchType)0, (tensor::MatrixLayout)0>, __bf0*, unsigned int, unsigned int, unsigned int, unsigned int, unsigned int, unsigned int, int, int, int, int)	65536	65536	false	i32	262144	524288	true	262144	false	0	65624	1	65536.0	8	65623	16427	0.001421396	true	131160	1	65536.0	9	65622	16336	0.001371508	true	slp_i8	65624	7.9892722174814095	3.9946361087407047	true	true	65541	16183	65541	16183
qwen3_full	146	cpu	ts	FusedMLPBiasGelu	65536	65536	false	i32	262144	524288	true	262144	false	0	852032	32768	2.0	0	1212288	244278	0.001506044	true	266688	5648	11.603399433427763	32747	382145	189430	0.001395494	true	slp_i16	266688	1.9659227261819054	0.9829613630909527	false	false	327685	252772	327685	252772
qwen3_full	146	cpu	dur	FusedMLPBiasGelu	65536	65536	false	i32	262144	524288	true	262144	false	0	70784	216	303.4074074074074	127	101085	72805	0.001347208	true	131160	1	65536.0	490	108629	70624	0.001332467	true	slp_i8	70784	7.406871609403255	3.7034358047016274	true	true	169813	70428	169813	70428
qwen3_full	147	cpu	ts	fused_mlp_bias_gelu_fwd	65536	65536	false	i32	262144	524288	true	262144	false	0	852032	32768	2.0	0	1212288	243724	0.001496413	true	266688	5648	11.603399433427763	32748	382147	189116	0.001394029	true	slp_i16	266688	1.9659227261819054	0.9829613630909527	false	false	327685	252784	327685	252784
qwen3_full	147	cpu	dur	fused_mlp_bias_gelu_fwd	65536	65536	false	i32	262144	524288	true	262144	false	0	69560	165	397.1878787878788	127	98768	72708	0.001330947	true	131160	1	65536.0	482	103674	68164	0.001315112	true	slp_i8	69560	7.53720529039678	3.76860264519839	true	true	165411	68347	165411	68347
qwen3_full	148	cpu	ts	aten::fused_mlp_bias_gelu_fwd	65536	65536	false	i32	262144	524288	true	262144	false	0	852032	32768	2.0	0	1212288	243521	0.001480876	true	266688	5648	11.603399433427763	32748	382147	189046	0.001378916	true	slp_i16	266688	1.9659227261819054	0.9829613630909527	false	false	327685	252782	327685	252782
qwen3_full	148	cpu	dur	aten::fused_mlp_bias_gelu_fwd	65536	65536	false	i32	262144	524288	true	262144	false	0	69944	181	362.0773480662983	127	99349	73001	0.001324299	true	131160	1	65536.0	482	102602	67786	0.001316896	true	slp_i8	69944	7.495825231613862	3.747912615806931	true	true	165316	68113	165316	68113
qwen3_full	8	cpu	ts	aten::zeros	57344	57344	false	i32	229376	458752	true	229376	false	0	695928	26605	2.1553843262544636	127	990675	234843	0.001333184	true	328376	8901	6.442422199752837	32740	455653	180465	0.001228415	true	slp_i16	328376	1.397032669866251	0.6985163349331255	false	false	286211	219104	286211	219104
qwen3_full	8	cpu	dur	aten::zeros	57344	57344	false	i32	229376	458752	true	229376	false	0	58776	57	1006.0350877192982	127	87466	55920	0.00113774	true	114776	1	57344.0	230	57932	44959	0.001114284	true	slp_i8	58776	7.805090513134613	3.9025452565673064	true	true	58421	37974	58421	37974
qwen3_full	9	cpu	ts	aten::zero_	57344	57344	false	i32	229376	458752	true	229376	false	0	695976	26607	2.1552223099184427	127	990755	236277	0.001319511	true	328376	8901	6.442422199752837	32740	455654	180469	0.001204199	true	slp_i16	328376	1.397032669866251	0.6985163349331255	false	false	286211	219285	286211	219285
qwen3_full	9	cpu	dur	aten::zero_	57344	57344	false	i32	229376	458752	true	229376	false	0	57528	5	11468.8	127	89211	49666	0.001137005	true	114776	1	57344.0	187	57468	37806	0.00111367	true	slp_i8	57528	7.974412460019469	3.9872062300097344	true	true	57448	32361	57448	32361
qwen3_full	138	cpu	ts	_empty_with_layout	56832	56832	false	i32	227328	454656	true	227328	false	0	687040	26256	2.164533820840951	127	976534	243890	0.001330555	true	243496	5407	10.51081930830405	32766	339572	162104	0.0012008	true	slp_i16	243496	1.8672011039195715	0.9336005519597858	false	false	283679	218891	283679	218891
qwen3_full	138	cpu	dur	_empty_with_layout	56832	56832	false	i32	227328	454656	true	227328	false	0	57856	40	1420.8	127	99960	51647	0.00113092	true	113752	1	56832.0	3067	57045	37465	0.001136117	true	slp_i8	57856	7.8584070796460175	3.9292035398230087	true	true	57113	34280	57113	34280
qwen3_full	116	cpu	ts	aten::clone	51200	51200	false	i32	204800	409600	true	204800	false	0	580920	22069	2.319996375005664	127	826526	198892	0.001190119	true	257192	6447	7.941678299984489	32767	350947	162868	0.001138941	true	slp_i16	257192	1.592584528290149	0.7962922641450745	false	false	255075	179956	255075	179956
qwen3_full	116	cpu	dur	aten::clone	51200	51200	false	i32	204800	409600	true	204800	false	0	51336	3	17066.666666666668	105	72207	39133	0.001013071	true	102488	1	51200.0	261	59501	37602	0.001035523	true	slp_i8	51336	7.978806295776843	3.9894031478884213	true	true	51234	33614	51234	33614
unifolm_full	15781	cpu	ts	ac0g	8519084	1000000	true	i32	4000000	8000000	true	4000000	false	0	2328704	55360	18.063583815028903	127	3343974	1037086	0.020858886	true	2400480	16684	59.93766482857828	32767	3048968	1579315	0.019815854	true	slp_i8	2328704	3.4353872368493374	1.7176936184246687	true	true	5000005	3342875	5000005	3342875
unifolm_full	29	cpu	ts	<built-in function isinstance>	7952821	1000000	true	i32	4000000	8000000	true	4000000	false	0	1117832	4907	203.79050336254332	127	1457539	584191	0.019624841	true	2001168	46	21739.130434782608	32767	2983106	1546873	0.019424731	true	slp_i8	1117832	7.156710489590565	3.5783552447952824	true	true	4984470	678035	4984470	678035
unifolm_full	29	cpu	dur	<built-in function isinstance>	7952821	1000000	true	i32	4000000	8000000	true	4000000	false	0	1000688	26	38461.53846153846	121	1009996	9681	0.019239036	true	2000448	16	62500.0	560	1000479	7663	0.019069841	true	slp_i8	1000688	7.9944997841485055	3.9972498920742527	true	true	1000019	7268	1000019	7268
unifolm_full	12748	cpu	ts	torch/nn/modules/module.py(0): named_modules	2836724	1000000	true	i32	4000000	8000000	true	4000000	false	0	1007192	297	3367.003367003367	127	1287535	368622	0.019397306	true	2001000	39	25641.02564102564	32767	2841229	829555	0.019363334	true	slp_i8	1007192	7.942874844121081	3.9714374220605406	true	true	5000005	303205	5000005	303205
unifolm_full	12748	cpu	dur	torch/nn/modules/module.py(0): named_modules	2836724	1000000	true	i32	4000000	8000000	true	4000000	false	0	1000568	21	47619.04761904762	127	1072859	159686	0.020210591	true	2000448	16	62500.0	325	1000520	147251	0.019760821	true	slp_i8	1000568	7.9954585795268285	3.9977292897634142	true	true	1000032	145812	1000032	145812
unifolm_full	69	cpu	ts	<built-in function len>	1983537	1000000	true	i32	4000000	8000000	true	4000000	false	0	1523840	21824	45.821114369501466	127	2099702	809895	0.020266056	true	2023728	986	1014.1987829614604	32767	3007573	1558076	0.019528587	true	slp_i8	1523840	5.249895002099958	2.624947501049979	true	true	4984409	629981	4984409	629981
unifolm_full	69	cpu	dur	<built-in function len>	1983537	1000000	true	i32	4000000	8000000	true	4000000	false	0	1000496	18	55555.555555555555	119	1029075	5461	0.01914127	true	2000448	16	62500.0	347	1000467	4281	0.019144683	true	slp_i8	1000496	7.996033967152292	3.998016983576146	true	true	1000009	4119	1000009	4119
unifolm_full	31	cpu	ts	<built-in function getattr>	1375045	1000000	true	i32	4000000	8000000	true	4000000	false	0	1391432	16307	61.32335806708775	127	1925916	756232	0.020142894	true	2023920	994	1006.0362173038229	32767	2998165	1643473	0.019521711	true	slp_i8	1391432	5.749472485899418	2.874736242949709	true	true	4994521	787126	4994521	787126
unifolm_full	31	cpu	dur	<built-in function getattr>	1375045	1000000	true	i32	4000000	8000000	true	4000000	false	0	1000952	37	27027.027027027027	127	1142066	18569	0.019253216	true	2000568	21	47619.04761904762	9173	1122619	17382	0.019179043	true	slp_i8	1000952	7.9923912435361535	3.9961956217680767	true	true	1000038	12803	1000038	12803
unifolm_full	64	cpu	ts	<built-in method startswith of str object at 0x0f0e0d0db0>	1335248	1000000	true	i32	4000000	8000000	true	4000000	false	0	1091600	3814	262.19192448872576	127	1473665	393385	0.019701718	true	2000760	29	34482.75862068965	32767	2858226	850246	0.019400965	true	slp_i8	1091600	7.328691828508611	3.6643459142543056	true	true	4996963	289069	4996963	289069
unifolm_full	64	cpu	dur	<built-in method startswith of str object at 0x0f0e0d0db0>	1335248	1000000	true	i32	4000000	8000000	true	4000000	false	0	1000448	16	62500.0	34	1000478	1719	0.019007232	true	2000448	16	62500.0	34	1000465	1711	0.019043724	true	slp_i8	1000448	7.996417604912999	3.9982088024564995	true	true	1000005	1580	1000005	1580
unifolm_full	15890	cpu	ts	<built-in method startswith of str object at 0x0fd0d0b0>	1334908	1000000	true	i32	4000000	8000000	true	4000000	false	0	1089728	3736	267.6659528907923	127	1493830	399521	0.019689995	true	2000808	31	32258.064516129034	32767	2880579	848955	0.019465731	true	slp_i8	1089728	7.341281494097609	3.6706407470488047	true	true	4996963	287070	4996963	287070
unifolm_full	15890	cpu	dur	<built-in method startswith of str object at 0x0fd0d0b0>	1334908	1000000	true	i32	4000000	8000000	true	4000000	false	0	1000472	17	58823.529411764706	107	1000508	2018	0.018998296	true	2000448	16	62500.0	301	1000463	1806	0.019199207	true	slp_i8	1000472	7.996225781431164	3.998112890715582	true	true	1000007	1693	1000007	1693
unifolm_full	16233	cpu	ts	<built-in method startswith of str object at 0x0fdc0d0d0b0>	1334908	1000000	true	i32	4000000	8000000	true	4000000	false	0	1090736	3778	264.69031233456855	127	1477754	391727	0.019670019	true	2000760	29	34482.75862068965	32767	2883825	862103	0.019357272	true	slp_i8	1090736	7.334497073535668	3.667248536767834	true	true	4996933	285636	4996933	285636
unifolm_full	16233	cpu	dur	<built-in method startswith of str object at 0x0fdc0d0d0b0>	1334908	1000000	true	i32	4000000	8000000	true	4000000	false	0	1000448	16	62500.0	35	1000472	1744	0.018920604	true	2000448	16	62500.0	35	1000461	1542	0.019122709	true	slp_i8	1000448	7.996417604912999	3.9982088024564995	true	true	1000005	1359	1000005	1359
unifolm_full	16568	cpu	ts	<built-in method startswith of str object at 0x0ff0aac0f0>	1334908	1000000	true	i32	4000000	8000000	true	4000000	false	0	1092152	3837	260.62027625749283	127	1489447	395586	0.019761546	true	2000784	30	33333.333333333336	32767	2898904	841321	0.019451742	true	slp_i8	1092152	7.324987730645551	3.6624938653227757	true	true	4996963	287055	4996963	287055
unifolm_full	16568	cpu	dur	<built-in method startswith of str object at 0x0ff0aac0f0>	1334908	1000000	true	i32	4000000	8000000	true	4000000	false	0	1000472	17	58823.529411764706	102	1000504	1864	0.018900914	true	2000448	16	62500.0	280	1000463	1785	0.019144767	true	slp_i8	1000472	7.996225781431164	3.998112890715582	true	true	1000007	1663	1000007	1663
unifolm_full	15804	gpu	ts	void at::native::elementwise_kernel<0, 0, at::native::gpu_kernel_impl_nocast<at::native::direct_copy_kernel_cuda(at::TensorIteratorBase&)::{lambda()#0}::operator()() const::{lambda()#0}::operator()() const::{lambda(c0::Half)#0}>(at::TensorIteratorBase&, at::native::direct_copy_kernel_cuda(at::TensorIteratorBase&)::{lambda()#0}::operator()() const::{lambda()#0}::operator()() const::{lambda(c0::Half)#0} const&)::{lambda(int)#0}>(int, at::native::gpu_kernel_impl_nocast<at::native::direct_copy_kernel_cuda(at::TensorIteratorBase&)::{lambda()#0}::operator()() const::{lambda()#0}::operator()() const::{lambda(c0::Half)#0}>(at::TensorIteratorBase&, at::native::direct_copy_kernel_cuda(at::TensorIteratorBase&)::{lambda()#0}::operator()() const::{lambda()#0}::operator()() const::{lambda(c0::Half)#0} const&)::{lambda(int)#0})	1323741	1000000	true	i32	4000000	8000000	true	4000000	false	0	6397304	224885	4.446717211018965	127	9453172	2008281	0.021135533	true	4905720	121069	8.259752703004072	32767	6528783	1960121	0.021350734	true	slp_i16	4905720	1.6307494108917753	0.8153747054458876	false	false	5000005	3777646	5000005	3777646
unifolm_full	15804	gpu	dur	void at::native::elementwise_kernel<0, 0, at::native::gpu_kernel_impl_nocast<at::native::direct_copy_kernel_cuda(at::TensorIteratorBase&)::{lambda()#0}::operator()() const::{lambda()#0}::operator()() const::{lambda(c0::Half)#0}>(at::TensorIteratorBase&, at::native::direct_copy_kernel_cuda(at::TensorIteratorBase&)::{lambda()#0}::operator()() const::{lambda()#0}::operator()() const::{lambda(c0::Half)#0} const&)::{lambda(int)#0}>(int, at::native::gpu_kernel_impl_nocast<at::native::direct_copy_kernel_cuda(at::TensorIteratorBase&)::{lambda()#0}::operator()() const::{lambda()#0}::operator()() const::{lambda(c0::Half)#0}>(at::TensorIteratorBase&, at::native::direct_copy_kernel_cuda(at::TensorIteratorBase&)::{lambda()#0}::operator()() const::{lambda()#0}::operator()() const::{lambda(c0::Half)#0} const&)::{lambda(int)#0})	1323741	1000000	true	i32	4000000	8000000	true	4000000	false	0	1000448	16	62500.0	98	1049704	106609	0.019497791	true	2000448	16	62500.0	100	1042586	106902	0.019566979	true	slp_i8	1000448	7.996417604912999	3.9982088024564995	true	true	1000005	97210	1000005	97210
unifolm_full	13098	cpu	ts	pickle.py(0): read	1025712	1000000	true	i32	4000000	8000000	true	4000000	false	0	1037792	1572	636.1323155216285	127	1272601	374606	0.019469891	true	2000568	21	47619.04761904762	32767	2877780	1041120	0.019347601	true	slp_i8	1037792	7.708673799759489	3.8543368998797445	true	true	5000005	516116	5000005	516116
unifolm_full	13098	cpu	dur	pickle.py(0): read	1025712	1000000	true	i32	4000000	8000000	true	4000000	false	0	1000448	16	62500.0	127	1056075	15660	0.019362418	true	2000448	16	62500.0	235	1000466	12715	0.019026591	true	slp_i8	1000448	7.996417604912999	3.9982088024564995	true	true	1000006	12319	1000006	12319
unifolm_full	13168	cpu	ts	torch/__init__.py(0): is_tensor	714956	714956	false	i32	2859824	5719648	true	2859824	false	0	716916	79	9050.075949367088	127	824558	289734	0.013721965	true	1430576	25	28598.24	27018	1813337	593789	0.013893756	true	slp_i8	716916	7.97812853946627	3.989064269733135	true	true	3574785	511578	3574785	511578
unifolm_full	13168	cpu	dur	torch/__init__.py(0): is_tensor	714956	714956	false	i32	2859824	5719648	true	2859824	false	0	715332	13	54996.61538461538	113	758646	11588	0.013656942	true	1430240	11	64996.0	298	715297	9813	0.01369917	true	slp_i8	715332	7.995794959543261	3.9978974797716305	true	true	714964	9667	714964	9667
unifolm_full	12085	cpu	ts	torch/nn/parameter.py(0): __instancecheck__	681728	681728	false	i32	2726912	5453824	true	2726912	false	0	726120	1847	369.10016242555497	127	932568	379421	0.013292963	true	1369232	238	2864.4033613445376	32767	1818803	807016	0.014303904	true	slp_i8	726120	7.510912796782901	3.7554563983914506	true	true	3408645	738551	3408645	738551
unifolm_full	12085	cpu	dur	torch/nn/parameter.py(0): __instancecheck__	681728	681728	false	i32	2726912	5453824	true	2726912	false	0	682560	32	21304.0	112	698972	16728	0.013046462	true	1363784	11	61975.27272727273	4816	682090	14527	0.01304726	true	slp_i8	682560	7.9902484763244255	3.9951242381622127	true	true	681757	14252	681757	14252
unifolm_full	12717	cpu	ts	torch/nn/modules/module.py(0): __getattr__	610224	610224	false	i32	2440896	4881792	true	2440896	false	0	1360432	31256	19.523419503455337	127	1864037	756646	0.01281099	true	1252192	1320	462.2909090909091	32767	1860719	1309208	0.012009172	true	slp_i16	1252192	3.898597020265263	1.9492985101326314	true	true	3051125	857100	3051125	857100
unifolm_full	12717	cpu	dur	torch/nn/modules/module.py(0): __getattr__	610224	610224	false	i32	2440896	4881792	true	2440896	false	0	610648	15	40681.6	127	679519	25606	0.011876053	true	1220752	10	61022.4	390	610543	17880	0.01174575	true	slp_i8	610648	7.994445245051159	3.9972226225255794	true	true	610235	17495	610235	17495
unifolm_full	18	cpu	ts	<built-in function hasattr>	583888	583888	false	i32	2335552	4671104	true	2335552	false	0	1140752	23200	25.16758620689655	127	1587013	687929	0.012304916	true	1190712	953	612.6841552990556	32767	1772544	1242399	0.011367302	true	slp_i8	1140752	4.094758545240333	2.0473792726201663	true	true	2911141	849090	2911141	849090
unifolm_full	18	cpu	dur	<built-in function hasattr>	583888	583888	false	i32	2335552	4671104	true	2335552	false	0	587696	156	3742.871794871795	127	610355	24550	0.01137294	true	1168728	37	15780.756756756757	15996	599917	35424	0.011167108	true	slp_i8	587696	7.948163676458577	3.9740818382292886	true	true	584080	20152	584080	20152
unifolm_full	210	cpu	ts	<built-in method append of list object at 0x0f0e0c0c0>	559780	559780	false	i32	2239120	4478240	true	2239120	false	0	647996	3673	152.40402940375714	127	836615	326674	0.011038672	true	1122384	115	4867.652173913043	32767	1660957	951280	0.01082726	true	slp_i8	647996	6.910906857449738	3.455453428724869	true	true	2794411	372117	2794411	372117
unifolm_full	210	cpu	dur	<built-in method append of list object at 0x0f0e0c0c0>	559780	559780	false	i32	2239120	4478240	true	2239120	false	0	560108	11	50889.09090909091	71	560135	2765	0.010659017	true	1119840	9	62197.77777777778	491	560066	2343	0.010635632	true	slp_i8	560108	7.995315189213509	3.9976575946067543	true	true	559787	2224	559787	2224
unifolm_full	15904	cpu	ts	<built-in method append of list object at 0x0fd0d0a0e0>	559392	559392	false	i32	2237568	4475136	true	2237568	false	0	649912	3769	148.4192093393473	127	841135	326708	0.01103591	true	1121440	108	5179.555555555556	32767	1655989	950262	0.010927897	true	slp_i8	649912	6.885756840926156	3.442878420463078	true	true	2792471	373147	2792471	373147
unifolm_full	15904	cpu	dur	<built-in method append of list object at 0x0fd0d0a0e0>	559392	559392	false	i32	2237568	4475136	true	2237568	false	0	559696	10	55939.2	127	647018	4110	0.010772626	true	1119064	9	62154.666666666664	242	559679	2381	0.010727571	true	slp_i8	559696	7.995654784025614	3.997827392012807	true	true	559400	2264	559400	2264
unifolm_full	16247	cpu	ts	<built-in method append of list object at 0x0fd0c0fd0>	559392	559392	false	i32	2237568	4475136	true	2237568	false	0	648808	3723	150.25302175664785	127	838695	325916	0.011020086	true	1121488	110	5085.381818181818	32767	1665558	986579	0.010881984	true	slp_i8	648808	6.897473520671755	3.4487367603358776	true	true	2792471	370657	2792471	370657
unifolm_full	16247	cpu	dur	<built-in method append of list object at 0x0fd0c0fd0>	559392	559392	false	i32	2237568	4475136	true	2237568	false	0	559672	9	62154.666666666664	45	559683	2662	0.010622364	true	1119064	9	62154.666666666664	45	559676	2114	0.010735364	true	slp_i8	559672	7.995997655769808	3.997998827884904	true	true	559397	1992	559397	1992
unifolm_full	16582	cpu	ts	<built-in method append of list object at 0x0ff0a0a0>	559040	559040	false	i32	2236160	4472320	true	2236160	false	0	645720	3609	154.90163480188417	127	828334	322172	0.011078827	true	1120832	112	4991.428571428572	32767	1661203	984214	0.010875717	true	slp_i8	645720	6.926097999132751	3.4630489995663756	true	true	2790711	373598	2790711	373598
unifolm_full	16582	cpu	dur	<built-in method append of list object at 0x0ff0a0a0>	559040	559040	false	i32	2236160	4472320	true	2236160	false	0	559320	9	62115.555555555555	29	559335	2508	0.010624986	true	1118360	9	62115.555555555555	31	559324	2095	0.010627538	true	slp_i8	559320	7.995995136952013	3.9979975684760065	true	true	559045	1960	559045	1960
unifolm_full	15782	cpu	ts	ac0g	556126	556126	false	i32	2224504	4449008	true	2224504	false	0	1312166	31499	17.65535413822661	127	1885385	844634	0.01192461	true	1160100	1991	279.3199397287795	32767	1635814	1154695	0.011019577	true	slp_i16	1160100	3.835021118869063	1.9175105594345314	true	true	2780635	1629040	2780635	1629040
unifolm_full	26	cpu	ts	<built-in method get of dict object at 0x0f0af0>	529273	529273	false	i32	2117092	4234184	true	2117092	false	0	716441	7796	67.89032837352488	127	959585	357117	0.010511107	true	1062306	154	3436.8376623376626	32767	1442909	823583	0.0102515	true	slp_i8	716441	5.91002469149588	2.95501234574794	true	true	2645139	418235	2645139	418235
unifolm_full	26	cpu	dur	<built-in method get of dict object at 0x0f0af0>	529273	529273	false	i32	2117092	4234184	true	2117092	false	0	529577	10	52927.3	118	569738	4188	0.010138542	true	1058826	9	58808.11111111111	343	529568	3288	0.010110647	true	slp_i8	529577	7.995407655543953	3.9977038277719763	true	true	529281	3088	529281	3088
unifolm_full	15884	cpu	ts	<built-in method get of dict object at 0x0fdda0f0a0c0>	529183	529183	false	i32	2116732	4233464	true	2116732	false	0	713951	7696	68.76078482328482	127	962088	356386	0.01048475	true	1061934	146	3624.541095890411	32767	1452560	824812	0.010343894	true	slp_i8	713951	5.929628223785666	2.964814111892833	true	true	2644683	419746	2644683	419746
unifolm_full	15884	cpu	dur	<built-in method get of dict object at 0x0fdda0f0a0c0>	529183	529183	false	i32	2116732	4233464	true	2116732	false	0	529463	9	58798.11111111111	45	529486	3802	0.010111983	true	1058646	9	58798.11111111111	45	529471	3235	0.010105266	true	slp_i8	529463	7.995769298326795	3.9978846491633977	true	true	529188	3077	529188	3077
unifolm_full	16227	cpu	ts	<built-in method get of dict object at 0x0fdcfc0b0>	529183	529183	false	i32	2116732	4233464	true	2116732	false	0	714719	7728	68.47606107660455	127	962045	353493	0.010500724	true	1062030	150	3527.8866666666668	32767	1477596	857411	0.010248241	true	slp_i8	714719	5.923256552575208	2.961628276287604	true	true	2644673	418704	2644673	418704
unifolm_full	16227	cpu	dur	<built-in method get of dict object at 0x0fdcfc0b0>	529183	529183	false	i32	2116732	4233464	true	2116732	false	0	529463	9	58798.11111111111	127	553907	4541	0.010089635	true	1058646	9	58798.11111111111	159	529472	3358	0.010154784	true	slp_i8	529463	7.995769298326795	3.9978846491633977	true	true	529189	3207	529189	3207
unifolm_full	16562	cpu	ts	<built-in method get of dict object at 0x0ff0e0>	529183	529183	false	i32	2116732	4233464	true	2116732	false	0	714887	7735	68.41409179056238	127	948487	347337	0.010505638	true	1062030	150	3527.8866666666668	32767	1460836	852297	0.010262258	true	slp_i8	714887	5.921864574401269	2.9609322872006345	true	true	2644683	413268	2644683	413268
unifolm_full	16562	cpu	dur	<built-in method get of dict object at 0x0ff0e0>	529183	529183	false	i32	2116732	4233464	true	2116732	false	0	529463	9	58798.11111111111	42	529486	3664	0.01008532	true	1058646	9	58798.11111111111	61	529471	3093	0.010114796	true	slp_i8	529463	7.995769298326795	3.9978846491633977	true	true	529188	2950	529188	2950
unifolm_full	742	cpu	ts	<built-in function id>	516092	516092	false	i32	2064368	4128736	true	2064368	false	0	594396	3260	158.31042944785275	127	726637	277494	0.010111503	true	1039040	283	1823.6466431095407	32767	1541445	1015014	0.010106922	true	slp_i8	594396	6.94610327121986	3.47305163560993	true	true	2580465	361457	2580465	361457
unifolm_full	742	cpu	dur	<built-in function id>	516092	516092	false	i32	2064368	4128736	true	2064368	false	0	516396	10	51609.2	42	516420	2836	0.009797508	true	1032440	8	64511.5	500	516353	2708	0.00980394	true	slp_i8	516396	7.995290436021968	3.997645218010984	true	true	516099	2595	516099	2595
unifolm_full	15817	gpu	ts	void at::native::elementwise_kernel<0, 0, at::native::gpu_kernel_impl_nocast<at::native::CUDAFunctor_add<c0::Half> >(at::TensorIteratorBase&, at::native::CUDAFunctor_add<c0::Half> const&)::{lambda(int)#0}>(int, at::native::gpu_kernel_impl_nocast<at::native::CUDAFunctor_add<c0::Half> >(at::TensorIteratorBase&, at::native::CUDAFunctor_add<c0::Half> const&)::{lambda(int)#0})	487924	487924	false	i32	1951696	3903392	true	1951696	false	0	3621428	130560	3.7371629901960786	127	5372148	1220800	0.010641045	true	2241240	52722	9.254656500132771	32767	3175119	1309920	0.010423801	true	slp_i16	2241240	1.741621602327283	0.8708108011636415	false	false	2439625	1902984	2439625	1902984
unifolm_full	15817	gpu	dur	void at::native::elementwise_kernel<0, 0, at::native::gpu_kernel_impl_nocast<at::native::CUDAFunctor_add<c0::Half> >(at::TensorIteratorBase&, at::native::CUDAFunctor_add<c0::Half> const&)::{lambda(int)#0}>(int, at::native::gpu_kernel_impl_nocast<at::native::CUDAFunctor_add<c0::Half> >(at::TensorIteratorBase&, at::native::CUDAFunctor_add<c0::Half> const&)::{lambda(int)#0})	487924	487924	false	i32	1951696	3903392	true	1951696	false	0	488180	8	60990.5	80	526972	64615	0.009552839	true	976104	8	60990.5	80	512658	62314	0.009560832	true	slp_i8	488180	7.9958048260887375	3.9979024130443688	true	true	487929	57988	487929	57988
unifolm_full	13531	cpu	ts	unifolm_wma/modules/apply_fusion.py(0): <genexpr>	459108	459108	false	i32	1836432	3672864	true	1836432	false	0	460228	44	10434.272727272728	127	561736	146177	0.00884967	true	918472	8	57388.5	24660	1236983	285895	0.008918571	true	slp_i8	460228	7.980531388789904	3.990265694394952	true	true	2295545	133660	2295545	133660
unifolm_full	13531	cpu	dur	unifolm_wma/modules/apply_fusion.py(0): <genexpr>	459108	459108	false	i32	1836432	3672864	true	1836432	false	0	459652	20	22955.4	82	459793	4460	0.008704439	true	918472	8	57388.5	3692	472357	5313	0.008860798	true	slp_i8	459652	7.990531967662492	3.995265983831246	true	true	459161	4077	459161	4077
unifolm_full	160	cpu	ts	<built-in function setattr>	406160	406160	false	i32	1624640	3249280	true	1624640	false	0	592392	7757	52.36044862704654	127	803089	361422	0.008245667	true	817592	217	1871.705069124424	32767	1084746	588613	0.007833167	true	slp_i8	592392	5.485016678145552	2.742508339072776	true	true	2026127	501904	2026127	501904
unifolm_full	160	cpu	dur	<built-in function setattr>	406160	406160	false	i32	1624640	3249280	true	1624640	false	0	406776	23	17659.130434782608	127	421008	32386	0.007967548	true	812552	7	58022.857142857145	790	454468	30519	0.007908332	true	slp_i8	406776	7.987885224300352	3.993942612150176	true	true	406184	28536	406184	28536
unifolm_full	264	cpu	ts	<built-in function min>	404613	404613	false	i32	1618452	3236904	true	1618452	false	0	476869	3008	134.5123005319149	127	597118	236200	0.008042312	true	813970	195	2074.9384615384615	32767	1213000	643854	0.00779014	true	slp_i8	476869	6.787826426125414	3.393913213062707	true	true	2020822	206211	2020822	206211
unifolm_full	264	cpu	dur	<built-in function min>	404613	404613	false	i32	1618452	3236904	true	1618452	false	0	404845	7	57801.857142857145	54	404862	1770	0.007711018	true	809458	7	57801.857142857145	58	404847	1602	0.00774648	true	slp_i8	404845	7.995415529400141	3.9977077647000705	true	true	404618	1490	404618	1490
unifolm_full	13180	cpu	ts	world_model_interaction.py(0): materialize_meta_in_obj	386460	386460	false	i32	1545840	3091680	true	1545840	false	0	387868	56	6901.071428571428	127	472816	201134	0.007462535	true	773176	8	48307.5	1586	1095052	298790	0.007617873	true	slp_i8	387868	7.970959192302536	3.985479596151268	true	true	1932305	379001	1932305	379001
unifolm_full	13180	cpu	dur	world_model_interaction.py(0): materialize_meta_in_obj	386460	386460	false	i32	1545840	3091680	true	1545840	false	0	386788	11	35132.72727272727	118	386854	47151	0.007640923	true	773128	6	64410.0	346	386681	43987	0.007457549	true	slp_i8	386788	7.99321592190037	3.996607960950185	true	true	386471	43729	386471	43729
unifolm_full	12084	cpu	ts	torch/nn/modules/module.py(0): __setattr__	370824	370824	false	i32	1483296	2966592	true	1483296	false	0	401008	1255	295.47729083665337	127	512750	257860	0.00726142	true	746464	198	1872.8484848484848	32767	1043234	548236	0.007191231	true	slp_i8	401008	7.39783744962694	3.69891872481347	true	true	1854125	940392	1854125	940392
unifolm_full	12084	cpu	dur	torch/nn/modules/module.py(0): __setattr__	370824	370824	false	i32	1483296	2966592	true	1483296	false	0	371896	42	8829.142857142857	127	436487	56198	0.007289865	true	741856	6	61804.0	4538	495065	56191	0.007166371	true	slp_i8	371896	7.976939789618603	3.9884698948093016	true	true	370872	44241	370872	44241
unifolm_full	13520	cpu	ts	cudaLaunchKernel	359061	359061	false	i32	1436244	2872488	true	1436244	false	0	951733	24692	14.541592418597116	127	1382695	581133	0.007728269	true	760402	1759	204.12791358726548	32767	1088635	755675	0.007055529	true	slp_i16	760402	3.777591326692986	1.888795663346493	true	true	1795310	1236763	1795310	1236763
unifolm_full	13520	cpu	dur	cudaLaunchKernel	359061	359061	false	i32	1436244	2872488	true	1436244	false	0	748885	16240	22.109667487684728	127	1018386	268661	0.007353499	true	718498	13	27620.076923076922	19062	929488	317487	0.007040413	true	slp_i16	718498	3.9979067443472354	1.9989533721736177	true	true	407169	138888	407169	138888
unifolm_full	13685	cpu	ts	aten::view	358309	358309	false	i32	1433236	2866472	true	1433236	false	0	1089605	30468	11.760174609426283	127	1549525	577463	0.00777669	true	759690	1792	199.94921875	32767	1117297	776192	0.007082757	true	slp_i16	759690	3.773212757835433	1.8866063789177165	true	true	1791550	673086	1791550	673086
unifolm_full	13685	cpu	dur	aten::view	358309	358309	false	i32	1433236	2866472	true	1433236	false	0	358517	6	59718.166666666664	62	406822	24816	0.007017042	true	716826	6	59718.166666666664	106	358526	20399	0.006906357	true	slp_i8	358517	7.9953586580273734	3.9976793290136867	true	true	358314	19678	358314	19678
unifolm_full	62	cpu	ts	<built-in function fspath>	350535	350535	false	i32	1402140	2804280	true	1402140	false	0	664759	13090	26.778838808250573	127	906746	334629	0.007157131	true	704182	127	2760.1181102362207	32767	1050304	586883	0.00688468	true	slp_i8	664759	4.218491212604869	2.1092456063024345	true	true	1750559	564417	1750559	564417
unifolm_full	62	cpu	dur	<built-in function fspath>	350535	350535	false	i32	1402140	2804280	true	1402140	false	0	350743	6	58422.5	45	350749	1850	0.00666926	true	701278	6	58422.5	45	350744	1635	0.006720123	true	slp_i8	350743	7.995255785575194	3.997627892787597	true	true	350540	1514	350540	1514
unifolm_full	2996	cpu	ts	email/feedparser.py(0): __next__	328584	328584	false	i32	1314336	2628672	true	1314336	false	0	352096	977	336.3193449334698	127	404867	124288	0.006428799	true	658096	36	9127.333333333334	24602	945482	359237	0.006382535	true	slp_i8	352096	7.465782059438335	3.7328910297191675	true	true	1642925	232215	1642925	232215
unifolm_full	2996	cpu	dur	email/feedparser.py(0): __next__	328584	328584	false	i32	1314336	2628672	true	1314336	false	0	328792	6	54764.0	16	328804	942	0.006316264	true	657376	6	54764.0	21	328797	927	0.006339104	true	slp_i8	328792	7.994939049611912	3.997469524805956	true	true	328589	697	328589	697
unifolm_full	2997	cpu	ts	email/feedparser.py(0): readline	328584	328584	false	i32	1314336	2628672	true	1314336	false	0	352096	977	336.3193449334698	127	404919	124513	0.006396517	true	658096	36	9127.333333333334	24603	945508	358558	0.006397042	true	slp_i8	352096	7.465782059438335	3.7328910297191675	true	true	1642925	232303	1642925	232303
unifolm_full	2997	cpu	dur	email/feedparser.py(0): readline	328584	328584	false	i32	1314336	2628672	true	1314336	false	0	328792	6	54764.0	15	328800	622	0.006267326	true	657376	6	54764.0	16	328797	601	0.006341273	true	slp_i8	328792	7.994939049611912	3.997469524805956	true	true	328589	493	328589	493
unifolm_full	15822	gpu	ts	void at::native::vectorized_elementwise_kernel<0, at::native::CUDAFunctorOnSelf_add<c0::Half>, std::array<char*, 0ul> >(int, at::native::CUDAFunctorOnSelf_add<c0::Half>, std::array<char*, 0ul>)	328200	328200	false	i32	1312800	2625600	true	1312800	false	0	2185312	77377	4.241570492523618	127	3209468	630036	0.007011319	true	2018728	56761	5.782139144835362	32665	2628009	629551	0.006877124	true	slp_i16	2018728	1.3006209850955652	0.6503104925477826	false	false	1641005	1070305	1641005	1070305
unifolm_full	15822	gpu	dur	void at::native::vectorized_elementwise_kernel<0, at::native::CUDAFunctorOnSelf_add<c0::Half>, std::array<char*, 0ul> >(int, at::native::CUDAFunctorOnSelf_add<c0::Half>, std::array<char*, 0ul>)	328200	328200	false	i32	1312800	2625600	true	1312800	false	0	328408	6	54700.0	14	328428	34310	0.006429568	true	656608	6	54700.0	14	328429	34356	0.006440941	true	slp_i8	328408	7.994933131957809	3.9974665659789044	true	true	328205	33881	328205	33881
unifolm_full	5063	cpu	ts	ast.py(0): iter_fields	317912	317912	false	i32	1271648	2543296	true	1271648	false	0	324888	288	1103.861111111111	127	389558	128327	0.006210297	true	636800	38	8366.105263157895	31830	873754	336183	0.006203342	true	slp_i8	324888	7.828223880229494	3.914111940114747	true	true	1589565	205650	1589565	205650
unifolm_full	5063	cpu	dur	ast.py(0): iter_fields	317912	317912	false	i32	1271648	2543296	true	1271648	false	0	318096	5	63582.4	7	318105	2433	0.006056592	true	636008	5	63582.4	7	318100	2331	0.006117299	true	slp_i8	318096	7.995372466173734	3.997686233086867	true	true	317917	2194	317917	2194
unifolm_full	15314	gpu	ts	_group_norm_act_fwd_kernel	287152	287152	false	i32	1148608	2297216	true	1148608	false	0	2521160	93081	3.084969005489842	127	3728152	967645	0.006570352	true	1344792	32101	8.945266502601164	32767	1914710	837421	0.0062831	true	slp_i16	1344792	1.7082314588427059	0.8541157294213529	false	false	1435765	1147815	1435765	1147815
unifolm_full	15314	gpu	dur	_group_norm_act_fwd_kernel	287152	287152	false	i32	1148608	2297216	true	1148608	false	0	287336	5	57430.4	126	443507	39244	0.005593559	true	574488	5	57430.4	133	345671	33906	0.005558001	true	slp_i8	287336	7.994877077706936	3.997438538853468	true	true	300308	30131	300308	30131
unifolm_full	6675	cpu	ts	aten::empty	280820	280820	false	i32	1123280	2246560	true	1123280	false	0	975108	28926	9.708220977667152	127	1403466	498460	0.006164238	true	580208	771	364.2282749675746	32767	860585	616699	0.00561918	true	slp_i16	580208	3.871990734357334	1.935995367178667	true	true	1404105	816798	1404105	816798
unifolm_full	6675	cpu	dur	aten::empty	280820	280820	false	i32	1123280	2246560	true	1123280	false	0	281484	25	11232.8	127	414089	58544	0.005502782	true	561824	5	56164.0	4839	377387	46860	0.005494846	true	slp_i8	281484	7.981128589902091	3.9905642949510454	true	true	280908	38721	280908	38721
unifolm_full	15811	gpu	ts	void at::native::vectorized_elementwise_kernel<0, at::native::CUDAFunctor_add<c0::Half>, std::array<char*, 0ul> >(int, at::native::CUDAFunctor_add<c0::Half>, std::array<char*, 0ul>)	280064	280064	false	i32	1120256	2240512	true	1120256	false	0	1921008	68370	4.09629954658476	127	2840566	712459	0.006116608	true	1488488	38679	7.240724941182554	32767	2010872	696935	0.00606283	true	slp_i16	1488488	1.5052267804644712	0.7526133902322356	false	false	1400325	1113605	1400325	1113605
unifolm_full	15811	gpu	dur	void at::native::vectorized_elementwise_kernel<0, at::native::CUDAFunctor_add<c0::Half>, std::array<char*, 0ul> >(int, at::native::CUDAFunctor_add<c0::Half>, std::array<char*, 0ul>)	280064	280064	false	i32	1120256	2240512	true	1120256	false	0	280248	5	56012.8	26	280267	27832	0.005477871	true	560312	5	56012.8	25	280268	28013	0.005490701	true	slp_i8	280248	7.994747509348862	3.997373754674431	true	true	280069	27627	280069	27627
unifolm_full	530	cpu	ts	<built-in function unpack>	276452	276452	false	i32	1105808	2211616	true	1105808	false	0	314796	1595	173.32413793103447	127	400908	184737	0.005439021	true	553736	32	8639.125	32767	762163	435661	0.005413246	true	slp_i8	314796	7.025553056582676	3.512776528291338	true	true	1382249	298879	1382249	298879
unifolm_full	530	cpu	dur	<built-in function unpack>	276452	276452	false	i32	1105808	2211616	true	1105808	false	0	276660	6	46075.333333333336	127	285924	2558	0.005275603	true	553088	5	55290.4	248	276641	2078	0.005334915	true	slp_i8	276660	7.993985397238488	3.996992698619244	true	true	276458	2018	276458	2018
unifolm_full	760	cpu	ts	copy.py(0): deepcopy	260080	260080	false	i32	1040320	2080640	true	1040320	false	0	284072	997	260.86258776328987	127	339476	139349	0.005106725	true	522072	77	3377.6623376623374	32767	730820	488420	0.005080671	true	slp_i8	284072	7.324340308090907	3.6621701540454534	true	true	1300405	208532	1300405	208532
unifolm_full	760	cpu	dur	copy.py(0): deepcopy	260080	260080	false	i32	1040320	2080640	true	1040320	false	0	404792	6027	43.152480504396884	127	580750	168508	0.005316885	true	546024	1075	241.93488372093023	32767	506487	267445	0.005218192	true	slp_i8	404792	5.140022530089527	2.5700112650447635	true	true	271897	69286	271897	69286
unifolm_full	13099	cpu	ts	<built-in method read of _io.BytesIO object at 0x0f0e0d0c0>	256428	256428	false	i32	1025712	2051424	true	1025712	false	0	265444	373	687.4745308310992	127	318233	99809	0.004980715	true	513040	5	51285.6	32446	760750	256634	0.004916786	true	slp_i8	265444	7.728274136917768	3.864137068458884	true	true	1282145	128669	1282145	128669
unifolm_full	13099	cpu	dur	<built-in method read of _io.BytesIO object at 0x0f0e0d0c0>	256428	256428	false	i32	1025712	2051424	true	1025712	false	0	256588	4	64107.0	39	256590	1699	0.004859658	true	513016	4	64107.0	39	256587	1654	0.004893981	true	slp_i8	256588	7.995011458057275	3.9975057290286373	true	true	256433	1494	256433	1494
unifolm_full	16120	cpu	ts	<built-in method read of _io.BytesIO object at 0x0fd0fd0e0>	256428	256428	false	i32	1025712	2051424	true	1025712	false	0	266476	416	616.4134615384615	127	330701	99962	0.005026701	true	513064	6	42738.0	32767	738641	271857	0.00492518	true	slp_i8	266476	7.698344316186073	3.8491721580930367	true	true	1282145	128517	1282145	128517
unifolm_full	16120	cpu	dur	<built-in method read of _io.BytesIO object at 0x0fd0fd0e0>	256428	256428	false	i32	1025712	2051424	true	1025712	false	0	256588	4	64107.0	61	256592	1653	0.004883305	true	513016	4	64107.0	61	256587	1629	0.004882507	true	slp_i8	256588	7.995011458057275	3.9975057290286373	true	true	256433	1511	256433	1511
unifolm_full	16459	cpu	ts	<built-in method read of _io.BytesIO object at 0x0fd0b0dbcef0>	256428	256428	false	i32	1025712	2051424	true	1025712	false	0	266092	400	641.07	127	327661	98225	0.00501499	true	513064	6	42738.0	32766	688482	279585	0.004973935	true	slp_i8	266092	7.709453873096523	3.8547269365482615	true	true	1282145	129677	1282145	129677
unifolm_full	16459	cpu	dur	<built-in method read of _io.BytesIO object at 0x0fd0b0dbcef0>	256428	256428	false	i32	1025712	2051424	true	1025712	false	0	256588	4	64107.0	8	256592	1588	0.004862875	true	513016	4	64107.0	8	256587	1525	0.004924006	true	slp_i8	256588	7.995011458057275	3.9975057290286373	true	true	256433	1409	256433	1409
unifolm_full	16797	cpu	ts	<built-in method read of _io.BytesIO object at 0x0fee0a0>	256428	256428	false	i32	1025712	2051424	true	1025712	false	0	265756	386	664.3212435233161	127	337664	98188	0.005001573	true	513040	5	51285.6	32520	766393	321809	0.004986105	true	slp_i8	265756	7.719201071659718	3.859600535829859	true	true	1282145	132678	1282145	132678
unifolm_full	16797	cpu	dur	<built-in method read of _io.BytesIO object at 0x0fee0a0>	256428	256428	false	i32	1025712	2051424	true	1025712	false	0	256588	4	64107.0	35	256594	1617	0.004885923	true	513016	4	64107.0	35	256587	1597	0.004888163	true	slp_i8	256588	7.995011458057275	3.9975057290286373	true	true	256433	1481	256433	1481
unifolm_full	15870	gpu	ts	nvjet_sm0_hsh_0x0_0x0_0x0_h_bz_TNT	251620	251620	false	i32	1006480	2012960	true	1006480	false	0	1427996	49013	5.133740028155795	127	2057473	402188	0.005257955	true	1381992	36612	6.872610073200044	32767	1709138	430303	0.005235874	true	slp_i16	1381992	1.4565641479834905	0.7282820739917453	false	false	1258105	770883	1258105	770883
unifolm_full	15870	gpu	dur	nvjet_sm0_hsh_0x0_0x0_0x0_h_bz_TNT	251620	251620	false	i32	1006480	2012960	true	1006480	false	0	251780	4	62905.0	9	251792	29635	0.004819338	true	503400	4	62905.0	9	251793	29647	0.004959574	true	slp_i8	251780	7.994916196679641	3.9974580983398207	true	true	251625	29284	251625	29284
unifolm_full	12974	cpu	ts	torch/nn/modules/module.py(0): named_children	243972	243972	false	i32	975888	1951776	true	975888	false	0	356356	4680	52.13076923076923	127	446667	185096	0.00486156	true	493072	211	1156.2654028436018	32766	696594	437004	0.004746797	true	slp_i8	356356	5.4770398141184655	2.7385199070592328	true	true	1219865	243342	1219865	243342
unifolm_full	12974	cpu	dur	torch/nn/modules/module.py(0): named_children	243972	243972	false	i32	975888	1951776	true	975888	false	0	244156	5	48794.4	127	286399	11086	0.004797366	true	488104	4	60993.0	185	244137	9745	0.004686917	true	slp_i8	244156	7.993971067678042	3.996985533839021	true	true	243979	9603	243979	9603
unifolm_full	57	cpu	ts	<built-in method items of dict object at 0x0f0f0>	239921	239921	false	i32	959684	1919368	true	959684	false	0	347265	4470	53.673601789709174	127	457605	204355	0.004812659	true	484130	176	1363.1875	32767	721587	454416	0.00468888	true	slp_i8	347265	5.5270989014153455	2.7635494507076728	true	true	1199350	335359	1199350	335359
unifolm_full	57	cpu	dur	<built-in method items of dict object at 0x0f0f0>	239921	239921	false	i32	959684	1919368	true	959684	false	0	240129	6	39986.833333333336	56	256682	1457	0.004610448	true	480002	4	59980.25	520	240082	1133	0.004564451	true	slp_i8	240129	7.993070391331326	3.996535195665663	true	true	239928	1032	239928	1032
unifolm_full	15889	cpu	ts	<built-in method items of dict object at 0x0fdcfc0d0>	239901	239901	false	i32	959604	1919208	true	959604	false	0	349741	4574	52.44884127678181	127	465002	205430	0.004819885	true	484186	180	1332.7833333333333	32767	721012	441375	0.004648429	true	slp_i8	349741	5.487512187590245	2.7437560937951226	true	true	1199250	335093	1199250	335093
unifolm_full	15889	cpu	dur	<built-in method items of dict object at 0x0fdcfc0d0>	239901	239901	false	i32	959604	1919208	true	959604	false	0	240085	5	47980.2	127	279713	2033	0.00463954	true	479962	4	59975.25	254	240061	1223	0.004610388	true	slp_i8	240085	7.993868838119832	3.996934419059916	true	true	239907	1106	239907	1106
unifolm_full	16232	cpu	ts	<built-in method items of dict object at 0x0fdc0d0db0>	239901	239901	false	i32	959604	1919208	true	959604	false	0	348757	4533	52.92322964923891	127	464646	198742	0.004881026	true	484018	173	1386.7109826589594	32767	721476	436014	0.00471844	true	slp_i8	348757	5.502994921965724	2.751497460982862	true	true	1199250	334531	1199250	334531
unifolm_full	16232	cpu	dur	<built-in method items of dict object at 0x0fdc0d0db0>	239901	239901	false	i32	959604	1919208	true	959604	false	0	240061	4	59975.25	58	258614	1375	0.004570469	true	479962	4	59975.25	114	240060	1127	0.004560855	true	slp_i8	240061	7.994668021877772	3.997334010938886	true	true	239906	1018	239906	1018
unifolm_full	16567	cpu	ts	<built-in method items of dict object at 0x0ff0cd0>	239901	239901	false	i32	959604	1919208	true	959604	false	0	348613	4527	52.99337309476474	127	458970	197544	0.004818168	true	484138	178	1347.758426966292	32767	721234	446694	0.004690374	true	slp_i8	348613	5.505268019264916	2.752634009632458	true	true	1199249	333563	1199249	333563
unifolm_full	16567	cpu	dur	<built-in method items of dict object at 0x0ff0cd0>	239901	239901	false	i32	959604	1919208	true	959604	false	0	240085	5	47980.2	127	251403	1441	0.004608111	true	479962	4	59975.25	251	240061	1041	0.00455871	true	slp_i8	240085	7.993868838119832	3.996934419059916	true	true	239907	930	239907	930
unifolm_full	13181	cpu	ts	world_model_interaction.py(0): <dictcomp>	229452	229452	false	i32	917808	1835616	true	917808	false	0	232132	109	2105.064220183486	127	304402	131186	0.004454222	true	460216	52	4412.538461538462	1754	581207	180244	0.004494543	true	slp_i8	232132	7.907638757258801	3.9538193786294005	true	true	1147265	475942	1147265	475942
unifolm_full	13181	cpu	dur	world_model_interaction.py(0): <dictcomp>	229452	229452	false	i32	917808	1835616	true	917808	false	0	229732	9	25494.666666666668	122	272168	13652	0.004491756	true	459064	4	57363.0	367	250740	12160	0.00444046	true	slp_i8	229732	7.990249508122508	3.995124754061254	true	true	229466	9859	229466	9859
unifolm_full	12888	cpu	ts	aten::as_strided	223379	223379	false	i32	893516	1787032	true	893516	false	0	497955	11438	19.52955062073789	127	700616	329358	0.004866613	true	489038	1759	126.99204093234792	32767	674047	466553	0.004455463	true	slp_i16	489038	3.6541782029208365	1.8270891014604183	true	true	1116900	598735	1116900	598735
unifolm_full	12888	cpu	dur	aten::as_strided	223379	223379	false	i32	893516	1787032	true	893516	false	0	223563	5	44675.8	127	298565	18063	0.004401667	true	446918	4	55844.75	246	223544	14106	0.004293827	true	slp_i8	223563	7.9934157262158765	3.9967078631079382	true	true	223386	13671	223386	13671
unifolm_full	63	cpu	ts	posixpath.py(0): _get_sep	217740	217740	false	i32	870960	1741920	true	870960	false	0	306196	3683	59.120282378495794	127	390562	153556	0.004305357	true	438448	121	1799.504132231405	32767	646377	364362	0.004203166	true	slp_i8	306196	5.688905145723654	2.844452572861827	true	true	1088640	420898	1088640	420898
unifolm_full	63	cpu	dur	posixpath.py(0): _get_sep	217740	217740	false	i32	870960	1741920	true	870960	false	0	217900	4	54435.0	31	217906	2729	0.004164942	true	435640	4	54435.0	31	217903	2653	0.004164964	true	slp_i8	217900	7.994125745754934	3.997062872877467	true	true	217745	2397	217745	2397
unifolm_full	6676	cpu	ts	aten::to	215660	215660	false	i32	862640	1725280	true	862640	false	0	854268	26606	8.105690445764113	127	1225624	426841	0.004882708	true	479168	1991	108.31742842792566	32765	638104	446148	0.004349275	true	slp_i16	479168	3.6005743288366503	1.8002871644183251	true	true	1078305	678740	1078305	678740
unifolm_full	6676	cpu	dur	aten::to	215660	215660	false	i32	862640	1725280	true	862640	false	0	369828	6421	33.58666874318642	127	460527	103204	0.004291329	true	439328	331	651.5407854984894	32765	405911	125692	0.004260086	true	slp_i8	369828	4.6650875542143915	2.3325437771071957	true	true	225612	47544	225612	47544
unifolm_full	302	cpu	ts	<string>(0): <lambda>	211716	211716	false	i32	846864	1693728	true	846864	false	0	245788	1417	149.41143260409316	127	279144	119155	0.004160269	true	428416	205	1032.760975609756	32758	631354	311109	0.004153452	true	slp_i8	245788	6.891011766237571	3.4455058831187855	true	true	1057809	367280	1057809	367280
unifolm_full	302	cpu	dur	<string>(0): <lambda>	211716	211716	false	i32	846864	1693728	true	846864	false	0	211948	7	30245.14285714286	127	240222	2655	0.004105899	true	423640	6	35286.0	144	211950	1705	0.004030622	true	slp_i8	211948	7.991243135108611	3.9956215675543056	true	true	211730	1532	211730	1532
unifolm_full	15812	gpu	ts	Memset (Device)	210048	210048	false	i32	840192	1680384	true	840192	false	0	1424416	50596	4.15147442485572	127	2095871	589240	0.00467599	true	983824	23486	8.943540832836584	32754	1265595	411295	0.004472088	true	slp_i16	983824	1.7080128153002976	0.8540064076501488	false	false	1050245	799792	1050245	799792
unifolm_full	15812	gpu	dur	Memset (Device)	210048	210048	false	i32	840192	1680384	true	840192	false	0	210208	4	52512.0	4	210218	38291	0.00449717	true	420256	4	52512.0	4	210213	38350	0.004388223	true	slp_i8	210208	7.993910793119197	3.9969553965595983	true	true	210053	38038	210053	38038
unifolm_full	15416	gpu	ts	ncclDevKernel_SendRecv(ncclDevKernelArgsStorage<0ul>)	197272	197272	false	i32	789088	1578176	true	789088	false	0	2046800	77061	2.559946016791892	127	3023335	861468	0.005118368	true	1321824	38634	5.106175907231972	32240	1798717	620631	0.004561834	true	slp_i16	1321824	1.1939380734500207	0.5969690367250103	false	false	986365	798964	986365	798964
unifolm_full	15416	gpu	dur	ncclDevKernel_SendRecv(ncclDevKernelArgsStorage<0ul>)	197272	197272	false	i32	789088	1578176	true	789088	false	0	198776	60	3287.866666666667	127	312667	134205	0.003902232	true	394704	4	49318.0	1067	262270	136029	0.003887044	true	slp_i8	198776	7.9394695536684505	3.9697347768342253	true	true	214354	125786	214354	125786
unifolm_full	15828	gpu	ts	void cudnn::engines_precompiled::nchwToNhwcKernel<__half, __half, float, false, true, (cudnnKernelDataType_t)0>(cudnn::engines_precompiled::nchw0nhwc_params_t<float>, __half const*, __half*)	196920	196920	false	i32	787680	1575360	true	787680	false	0	941488	31021	6.34795783501499	127	1376091	333160	0.004158867	true	463192	2887	68.2092137166609	32767	666102	305837	0.003957793	true	slp_i16	463192	3.401095010276516	1.700547505138258	true	true	984605	747079	984605	747079
unifolm_full	15828	gpu	dur	void cudnn::engines_precompiled::nchwToNhwcKernel<__half, __half, float, false, true, (cudnnKernelDataType_t)0>(cudnn::engines_precompiled::nchw0nhwc_params_t<float>, __half const*, __half*)	196920	196920	false	i32	787680	1575360	true	787680	false	0	859936	27623	7.128841907106397	127	1227997	129055	0.004208152	true	394000	4	49230.0	519	366957	65018	0.003898126	true	slp_i16	394000	3.9983756345177666	1.9991878172588833	true	true	253812	26747	253812	26747
unifolm_full	15387	gpu	ts	_sync_gn_stats_kernel	192896	192896	false	i32	771584	1543168	true	771584	false	0	2002896	75414	2.557827459092476	127	2957392	848347	0.005022169	true	1292744	37787	5.104824410511552	32558	1758618	610120	0.004478562	true	slp_i16	1292744	1.1937150742915845	0.5968575371457923	false	false	964485	781303	964485	781303
unifolm_full	15387	gpu	dur	_sync_gn_stats_kernel	192896	192896	false	i32	771584	1543168	true	771584	false	0	193032	3	64298.666666666664	22	193041	18072	0.003738813	true	385928	3	64298.666666666664	22	193042	18110	0.003750863	true	slp_i8	193032	7.99436362882838	3.99718181441419	true	true	192901	17514	192901	17514
unifolm_full	15393	gpu	ts	_sync_gn_norm_silu_halopad_kernel	192896	192896	false	i32	771584	1543168	true	771584	false	0	2001024	75336	2.5604757353721994	127	2954625	833552	0.004864879	true	1292624	37782	5.10549997353237	32278	1758447	590518	0.004431659	true	slp_i16	1292624	1.1938258921387812	0.5969129460693906	false	false	964485	781237	964485	781237
unifolm_full	15393	gpu	dur	_sync_gn_norm_silu_halopad_kernel	192896	192896	false	i32	771584	1543168	true	771584	false	0	193032	3	64298.666666666664	86	252227	49158	0.003745566	true	385928	3	64298.666666666664	86	257717	49199	0.003812992	true	slp_i8	193032	7.99436362882838	3.99718181441419	true	true	192901	43563	192901	43563
unifolm_full	15864	gpu	ts	ncclDevKernel_AllReduce_Sum_f0_TREE_LL(ncclDevKernelArgsStorage<0ul>)	192544	192544	false	i32	770176	1540352	true	770176	false	0	1999280	75278	2.5577725231807436	127	2952022	850504	0.004857526	true	1291728	37774	5.097262667443215	32205	1757011	611601	0.004433853	true	slp_i16	1291728	1.1924739573656373	0.5962369786828187	false	false	962725	779728	962725	779728
unifolm_full	15864	gpu	dur	ncclDevKernel_AllReduce_Sum_f0_TREE_LL(ncclDevKernelArgsStorage<0ul>)	192544	192544	false	i32	770176	1540352	true	770176	false	0	193664	44	4376.0	127	282462	133503	0.003871329	true	385224	3	64181.333333333336	1931	226327	112326	0.00398053	true	slp_i8	193664	7.953734302709848	3.976867151354924	true	true	193432	104485	193432	104485
unifolm_full	15865	gpu	ts	void at::native::vectorized_elementwise_kernel<0, at::native::FillFunctor<c0::Half>, std::array<char*, 0ul> >(int, at::native::FillFunctor<c0::Half>, std::array<char*, 0ul>)	192544	192544	false	i32	770176	1540352	true	770176	false	0	1998416	75242	2.5589963052550435	127	2950723	831732	0.004979946	true	1291728	37774	5.097262667443215	32197	1757011	588446	0.004495592	true	slp_i16	1291728	1.1924739573656373	0.5962369786828187	false	false	962725	779799	962725	779799
unifolm_full	15865	gpu	dur	void at::native::vectorized_elementwise_kernel<0, at::native::FillFunctor<c0::Half>, std::array<char*, 0ul> >(int, at::native::FillFunctor<c0::Half>, std::array<char*, 0ul>)	192544	192544	false	i32	770176	1540352	true	770176	false	0	192680	3	64181.333333333336	3	192685	6194	0.003754878	true	385224	3	64181.333333333336	3	192686	6172	0.003776587	true	slp_i8	192680	7.9943533319493465	3.9971766659746732	true	true	192549	6038	192549	6038
llama_full	182	cpu	ts	ac0g	53235380	1000000	true	i32	4000000	8000000	true	4000000	false	0	5600240	191674	5.217191690057076	127	8268240	2485860	0.023136839	true	2153592	6397	156.3232765358762	32767	3192928	2419240	0.020270272	true	slp_i16	2153592	3.7147240517238176	1.8573620258619088	true	true	4996229	3564643	4996229	3564643
llama_full	184	cpu	ts	ac0g	35728696	1000000	true	i32	4000000	8000000	true	4000000	false	0	6961184	248380	4.026089057089943	127	10300585	3001333	0.023606762	true	2152608	6356	157.33165512901195	32767	3181956	2426744	0.020278454	true	slp_i16	2152608	3.71642212609077	1.858211063045385	true	true	4996287	3657089	4996287	3657089
llama_full	49	cpu	ts	aten::as_strided	33700056	1000000	true	i32	4000000	8000000	true	4000000	false	0	3784592	116022	8.619055006809054	127	5507271	2013327	0.022723488	true	2053320	2219	450.6534474988734	32767	3056847	2332729	0.019607582	true	slp_i16	2053320	3.8961291956441277	1.9480645978220639	true	true	4997833	3194487	4997833	3194487
llama_full	49	cpu	dur	aten::as_strided	33700056	1000000	true	i32	4000000	8000000	true	4000000	false	0	1000448	16	62500.0	26	1000518	227549	0.02117863	true	2000448	16	62500.0	27	1000493	223167	0.021460713	true	slp_i8	1000448	7.996417604912999	3.9982088024564995	true	true	1000005	219579	1000005	219579
llama_full	3	cpu	ts	cudaLaunchKernel	28114988	1000000	true	i32	4000000	8000000	true	4000000	false	0	7637072	276542	3.616087248953143	127	11313148	2928517	0.023134912	true	2297616	12398	80.65817067268914	32767	3390830	2542021	0.021241204	true	slp_i16	2297616	3.481869903412929	1.7409349517064645	true	true	4996613	3654109	4996613	3654109
llama_full	3	cpu	dur	cudaLaunchKernel	28114988	1000000	true	i32	4000000	8000000	true	4000000	false	0	2382560	57604	17.35990556211374	127	3121035	943117	0.021131116	true	2000448	16	62500.0	32767	2538749	786707	0.020058009	true	slp_i16	2000448	3.9991042006590525	1.9995521003295262	true	true	1098268	422292	1098268	422292
llama_full	18	cpu	ts	cudaStreamWaitEvent	20419712	1000000	true	i32	4000000	8000000	true	4000000	false	0	6340040	222499	4.494402222032458	127	9369517	2842911	0.023077233	true	2057136	2378	420.52144659377626	32767	3069037	2402571	0.020070172	true	slp_i16	2057136	3.8889018518950618	1.9444509259475309	true	true	4994201	3426770	4994201	3426770
llama_full	18	cpu	dur	cudaStreamWaitEvent	20419712	1000000	true	i32	4000000	8000000	true	4000000	false	0	4335032	138957	7.196470850694819	127	5819596	1573793	0.02243022	true	2000448	16	62500.0	32767	2982991	1345012	0.019629086	true	slp_i16	2000448	3.9991042006590525	1.9995521003295262	true	true	1199189	550787	1199189	550787
llama_full	92	cpu	ts	aten::select	16273408	1000000	true	i32	4000000	8000000	true	4000000	false	0	4216280	134009	7.462185375609101	127	6082244	2089662	0.022046142	true	2092800	3864	258.7991718426501	32767	3117941	2412856	0.019820739	true	slp_i16	2092800	3.8226299694189603	1.9113149847094801	true	true	4995015	3398027	4995015	3398027
llama_full	92	cpu	dur	aten::select	16273408	1000000	true	i32	4000000	8000000	true	4000000	false	0	1000448	16	62500.0	68	1011552	356847	0.020449655	true	2000448	16	62500.0	94	1000515	348936	0.02140257	true	slp_i8	1000448	7.996417604912999	3.9982088024564995	true	true	1000005	333428	1000005	333428
llama_full	65	cpu	ts	aten::slice	12098712	1000000	true	i32	4000000	8000000	true	4000000	false	0	6951344	247970	4.0327458966810505	127	10237153	2847357	0.022733721	true	2118072	4917	203.3760423022168	32767	3154142	2448992	0.020215699	true	slp_i16	2118072	3.777019855793382	1.888509927896691	true	true	4994127	3602669	4994127	3602669
llama_full	65	cpu	dur	aten::slice	12098712	1000000	true	i32	4000000	8000000	true	4000000	false	0	1000448	16	62500.0	68	1014630	354993	0.020506419	true	2000448	16	62500.0	85	1000501	335876	0.021332258	true	slp_i8	1000448	7.996417604912999	3.9982088024564995	true	true	1000005	326102	1000005	326102
llama_full	31	gpu	ts	void legacy::genericOp<signed char, legacy::sendGpu<unsigned int, signed char, 0, 0, 0, 0, 0, 0, 0, 0, 0>(legacy::ixcclWork*)::{lambda(unsigned int, unsigned int)#0}, legacy::sendGpu<unsigned int, signed char, 0, 0, 0, 0, 0, 0, 0, 0, 0>(legacy::ixcclWork*)::{lambda(signed char, signed char)#0}, signed char, 0, 0, 0, 0, 0, 0, 0, 0, 0, 0, 0, false, false, 0, 0>(legacy::sendGpu<unsigned int, signed char, 0, 0, 0, 0, 0, 0, 0, 0, 0>(legacy::ixcclWork*)::{lambda(unsigned int, unsigned int)#0}, legacy::sendGpu<unsigned int, signed char, 0, 0, 0, 0, 0, 0, 0, 0, 0>(legacy::ixcclWork*)::{lambda(signed char, signed char)#0}, legacy::ixcclWork)	10026048	1000000	true	i32	4000000	8000000	true	4000000	false	0	9593912	358077	2.792695425844162	127	14334398	3711724	0.022773756	true	2311224	12965	77.13073659853451	32767	3406372	2512783	0.021165837	true	slp_i16	2311224	3.461369386956868	1.730684693478434	true	true	4995287	3571633	4995287	3571633
llama_full	31	gpu	dur	void legacy::genericOp<signed char, legacy::sendGpu<unsigned int, signed char, 0, 0, 0, 0, 0, 0, 0, 0, 0>(legacy::ixcclWork*)::{lambda(unsigned int, unsigned int)#0}, legacy::sendGpu<unsigned int, signed char, 0, 0, 0, 0, 0, 0, 0, 0, 0>(legacy::ixcclWork*)::{lambda(signed char, signed char)#0}, signed char, 0, 0, 0, 0, 0, 0, 0, 0, 0, 0, 0, false, false, 0, 0>(legacy::sendGpu<unsigned int, signed char, 0, 0, 0, 0, 0, 0, 0, 0, 0>(legacy::ixcclWork*)::{lambda(unsigned int, unsigned int)#0}, legacy::sendGpu<unsigned int, signed char, 0, 0, 0, 0, 0, 0, 0, 0, 0>(legacy::ixcclWork*)::{lambda(signed char, signed char)#0}, legacy::ixcclWork)	10026048	1000000	true	i32	4000000	8000000	true	4000000	false	0	4134992	130622	7.655678216533203	127	5731663	2132654	0.023953395	true	2000448	16	62500.0	32766	2969086	1577727	0.019610759	true	slp_i16	2000448	3.9991042006590525	1.9995521003295262	true	true	2089906	1196530	2089906	1196530
llama_full	21	cpu	ts	aten::empty	9519232	1000000	true	i32	4000000	8000000	true	4000000	false	0	6799664	241650	4.138216428719222	127	10039965	2826422	0.022055149	true	2121816	5073	197.12201852946976	32767	3161204	2470652	0.020367093	true	slp_i16	2121816	3.7703552051638787	1.8851776025819393	true	true	4993095	3596655	4993095	3596655
llama_full	21	cpu	dur	aten::empty	9519232	1000000	true	i32	4000000	8000000	true	4000000	false	0	1002872	117	8547.008547008547	127	1638418	706507	0.01975775	true	2000448	16	62500.0	382	1000651	477046	0.021277427	true	slp_i8	1002872	7.977089798099858	3.988544899049929	true	true	1000137	455424	1000137	455424
llama_full	51	cpu	ts	aten::view	7770264	1000000	true	i32	4000000	8000000	true	4000000	false	0	5169896	173743	5.755627564851533	127	7610552	2317824	0.02118736	true	2205768	8571	116.67250029168125	32767	3265268	2483785	0.020132032	true	slp_i16	2205768	3.626854682813424	1.813427341406712	true	true	4995537	3543227	4995537	3543227
llama_full	51	cpu	dur	aten::view	7770264	1000000	true	i32	4000000	8000000	true	4000000	false	0	1000448	16	62500.0	86	1000522	259289	0.020310933	true	2000448	16	62500.0	88	1000499	251565	0.020625082	true	slp_i8	1000448	7.996417604912999	3.9982088024564995	true	true	1000005	247184	1000005	247184
llama_full	109	gpu	ts	void legacy::genericMultiShmOpUseSameElem<0, 0, legacy::sendRecvFused<legacy::p0pFused(legacy::ixcclWork*)::{lambda(unsigned char, unsigned char)#0}, {lambda(unsigned char, unsigned char)#0}> >(legacy::ixcclWork, legacy::sendRecvFused<legacy::p0pFused(legacy::ixcclWork*)::{lambda(unsigned char, unsigned char)#0}, {lambda(unsigned char, unsigned char)#0}>)	3944448	1000000	true	i32	4000000	8000000	true	4000000	false	0	11577944	440745	2.2688856368194763	127	17289763	4354732	0.023695531	true	2826240	34424	29.049500348594005	32767	4178268	2814771	0.022501862	true	slp_i16	2826240	2.8306159420289854	1.4153079710144927	true	true	4996819	3838911	4996819	3838911
llama_full	109	gpu	dur	void legacy::genericMultiShmOpUseSameElem<0, 0, legacy::sendRecvFused<legacy::p0pFused(legacy::ixcclWork*)::{lambda(unsigned char, unsigned char)#0}, {lambda(unsigned char, unsigned char)#0}> >(legacy::ixcclWork, legacy::sendRecvFused<legacy::p0pFused(legacy::ixcclWork*)::{lambda(unsigned char, unsigned char)#0}, {lambda(unsigned char, unsigned char)#0}>)	3944448	1000000	true	i32	4000000	8000000	true	4000000	false	0	3658616	110773	9.027470593014543	127	5148660	2077622	0.024909208	true	2000472	17	58823.529411764706	32767	2987559	1615920	0.019643074	true	slp_i16	2000472	3.9990562227314355	1.9995281113657177	true	true	2458546	1299687	2458546	1299687
llama_full	183	cpu	ts	fwdbwd	2828288	1000000	true	i32	4000000	8000000	true	4000000	false	0	9742856	364283	2.745118493039752	127	14517456	3438222	0.029220909	true	2224872	9367	106.75776662752216	32767	3308866	2476845	0.020493477	true	slp_i16	2224872	3.595712472447853	1.7978562362239265	true	true	4992221	3482727	4992221	3482727
llama_full	240	cpu	ts	fwdbwd	2828288	1000000	true	i32	4000000	8000000	true	4000000	false	0	9367496	348643	2.8682635245795844	127	13980552	3498520	0.022151285	true	2174616	7273	137.49484394335212	32767	3237546	2496905	0.020460886	true	slp_i16	2174616	3.678810419862633	1.8394052099313165	true	true	5000005	3586960	5000005	3586960
llama_full	12	cpu	ts	aten::copy_	2610968	1000000	true	i32	4000000	8000000	true	4000000	false	0	12297680	470734	2.1243419850701244	127	18385369	4368428	0.023153048	true	2400048	16666	60.00240009600384	32767	3558188	2615972	0.021247096	true	slp_i16	2400048	3.333266667999973	1.6666333339999866	true	true	4995765	3828586	4995765	3828586
llama_full	12	cpu	dur	aten::copy_	2610968	1000000	true	i32	4000000	8000000	true	4000000	false	0	2460896	60868	16.428993888414272	127	3404218	1034592	0.020425014	true	2000448	16	62500.0	1306	2515648	836263	0.019764741	true	slp_i16	2000448	3.9991042006590525	1.9995521003295262	true	true	1061471	485911	1061471	485911
llama_full	5	cpu	ts	cudaDeviceSynchronize	2509824	1000000	true	i32	4000000	8000000	true	4000000	false	0	11772776	448863	2.227851259738495	127	17629136	4140719	0.023245764	true	2145144	6045	165.42597187758477	32767	3188140	2481971	0.020691282	true	slp_i16	2145144	3.7293533674196233	1.8646766837098117	true	true	4999203	3762653	4999203	3762653
llama_full	5	cpu	dur	cudaDeviceSynchronize	2509824	1000000	true	i32	4000000	8000000	true	4000000	false	0	12929840	497074	2.0117728949814313	127	17554135	2979665	0.023378893	true	2050824	2115	472.8132387706856	32767	3050982	2310054	0.020188776	true	slp_i16	2050824	3.9008710645087046	1.9504355322543523	true	true	1974803	994339	1974803	994339
llama_full	79	cpu	ts	aten::empty_like	2395136	1000000	true	i32	4000000	8000000	true	4000000	false	0	11274968	428121	2.3357882467807	127	16868605	3979484	0.022610468	true	2513472	21392	46.74644727000748	32767	3723068	2645748	0.021221325	true	slp_i16	2513472	3.182848267257403	1.5914241336287016	true	true	4997039	3818560	4997039	3818560
llama_full	79	cpu	dur	aten::empty_like	2395136	1000000	true	i32	4000000	8000000	true	4000000	false	0	1000448	16	62500.0	127	1115040	519867	0.019970566	true	2000448	16	62500.0	221	1000521	462172	0.021279323	true	slp_i8	1000448	7.996417604912999	3.9982088024564995	true	true	1000007	449089	1000007	449089
llama_full	98	gpu	ts	void at::native::modern::elementwise_kernel<at::native::CUDAFunctor_add<c0::Half>, at::detail::Array<char*, 0> >(int, at::native::CUDAFunctor_add<c0::Half>, at::detail::Array<char*, 0>)	2385920	1000000	true	i32	4000000	8000000	true	4000000	false	0	11225288	426051	2.347136845119481	127	16720763	4266062	0.024442622	true	5449656	143733	6.957344520743323	32767	7732757	3400407	0.02431983	true	slp_i16	5449656	1.4679825662390433	0.7339912831195217	false	false	4998037	3815989	4998037	3815989
llama_full	98	gpu	dur	void at::native::modern::elementwise_kernel<at::native::CUDAFunctor_add<c0::Half>, at::detail::Array<char*, 0> >(int, at::native::CUDAFunctor_add<c0::Half>, at::detail::Array<char*, 0>)	2385920	1000000	true	i32	4000000	8000000	true	4000000	false	0	1064624	2690	371.74721189591077	59	1086475	564821	0.021571724	true	2000448	16	62500.0	795	1004250	552153	0.020971099	true	slp_i8	1064624	7.514390056959076	3.757195028479538	true	true	1002693	514171	1002693	514171
llama_full	97	cpu	ts	aten::add_	2306048	1000000	true	i32	4000000	8000000	true	4000000	false	0	11484704	436860	2.2890628576660714	127	17187709	4243030	0.023401251	true	2388384	16180	61.804697156983934	32767	3545086	2613505	0.021196818	true	slp_i16	2388384	3.3495451317711056	1.6747725658855528	true	true	4997697	3769095	4997697	3769095
llama_full	97	cpu	dur	aten::add_	2306048	1000000	true	i32	4000000	8000000	true	4000000	false	0	1440296	18343	54.516709371422344	127	1688515	828715	0.021639754	true	2000448	16	62500.0	4515	2712110	925970	0.019695948	true	slp_i8	1440296	5.554413814938041	2.7772069074690204	true	true	1019887	539194	1019887	539194
llama_full	17	cpu	ts	cudaStreamIsCapturing	2035754	1000000	true	i32	4000000	8000000	true	4000000	false	0	9028544	334520	2.989357885926103	127	13331141	2948247	0.022160306	true	2420448	17516	57.09065996802923	32767	3590064	2594793	0.021063771	true	slp_i16	2420448	3.3051732571821413	1.6525866285910706	true	true	4992653	3552285	4992653	3552285
llama_full	17	cpu	dur	cudaStreamIsCapturing	2035754	1000000	true	i32	4000000	8000000	true	4000000	false	0	1000448	16	62500.0	11	1000478	2776	0.019079171	true	2000448	16	62500.0	14	1000465	2348	0.021444515	true	slp_i8	1000448	7.996417604912999	3.9982088024564995	true	true	1000005	2181	1000005	2181
llama_full	10	cpu	ts	aten::empty_strided	2027212	1000000	true	i32	4000000	8000000	true	4000000	false	0	11552024	439665	2.2744589630741587	127	17262548	4300139	0.023610977	true	2543592	22647	44.15595884664636	32767	3761748	2661941	0.021276752	true	slp_i16	2543592	3.1451585002626206	1.5725792501313103	true	true	4995719	3814430	4995719	3814430
llama_full	10	cpu	dur	aten::empty_strided	2027212	1000000	true	i32	4000000	8000000	true	4000000	false	0	1000448	16	62500.0	119	1089091	489574	0.020252879	true	2000448	16	62500.0	140	1000521	445336	0.021284971	true	slp_i8	1000448	7.996417604912999	3.9982088024564995	true	true	1000007	426929	1000007	426929
llama_full	84	gpu	ts	void Gemm_tcu_mr_kernel::mr_fix_dispatch_gemm_stride_h_h_tcuh<0u, 0u, 0u, 0u, 0u, true, false, (ixblasGEMMBoundary_t)0, false, __half, __half, __half>(__half*, __half const*, __half const*, int, int, int, int, int, int, float, float, long, long, long, int)	1972224	1000000	true	i32	4000000	8000000	true	4000000	false	0	9558968	356621	2.8040973470434998	127	14241947	3647964	0.024255344	true	2253888	10576	94.55370650529501	32767	3347811	2544051	0.020813856	true	slp_i16	2253888	3.549422154073317	1.7747110770366585	true	true	4995573	3685545	4995573	3685545
llama_full	84	gpu	dur	void Gemm_tcu_mr_kernel::mr_fix_dispatch_gemm_stride_h_h_tcuh<0u, 0u, 0u, 0u, 0u, true, false, (ixblasGEMMBoundary_t)0, false, __half, __half, __half>(__half*, __half const*, __half const*, int, int, int, int, int, int, float, float, long, long, long, int)	1972224	1000000	true	i32	4000000	8000000	true	4000000	false	0	5754392	198097	5.048032024715165	127	8099754	2129430	0.022562431	true	2000448	16	62500.0	1120	2574299	1296215	0.019791064	true	slp_i16	2000448	3.9991042006590525	1.9995521003295262	true	true	2999957	998790	2999957	998790
llama_full	124	gpu	ts	void Gemm_tcu_mr_kernel::mr_fix_dispatch_gemm_stride_h_h_tcuh<0u, 0u, 0u, 0u, 0u, true, true, (ixblasGEMMBoundary_t)0, false, __half, __half, __half>(__half*, __half const*, __half const*, int, int, int, int, int, int, float, float, long, long, long, int)	1972224	1000000	true	i32	4000000	8000000	true	4000000	false	0	9238232	343257	2.913269066617724	127	13831782	3622449	0.023437847	true	2170368	7096	140.92446448703495	32767	3229280	2514113	0.020610074	true	slp_i16	2170368	3.686010851615947	1.8430054258079736	true	true	5000005	3711444	5000005	3711444
llama_full	124	gpu	dur	void Gemm_tcu_mr_kernel::mr_fix_dispatch_gemm_stride_h_h_tcuh<0u, 0u, 0u, 0u, 0u, true, true, (ixblasGEMMBoundary_t)0, false, __half, __half, __half>(__half*, __half const*, __half const*, int, int, int, int, int, int, float, float, long, long, long, int)	1972224	1000000	true	i32	4000000	8000000	true	4000000	false	0	6987920	249494	4.008112419537143	85	9472180	1900824	0.022621932	true	2000448	16	62500.0	1095	2628993	1176453	0.01993096	true	slp_i16	2000448	3.9991042006590525	1.9995521003295262	true	true	3000005	957876	3000005	957876
llama_full	83	cpu	ts	aten::transpose	1837568	1000000	true	i32	4000000	8000000	true	4000000	false	0	11793200	449714	2.22363546609623	127	17583437	4179995	0.022303509	true	2430336	17928	55.77867023650156	32767	3585917	2623802	0.021231344	true	slp_i16	2430336	3.291725917733186	1.645862958866593	true	true	4998193	3805181	4998193	3805181
llama_full	83	cpu	dur	aten::transpose	1837568	1000000	true	i32	4000000	8000000	true	4000000	false	0	1000448	16	62500.0	66	1000522	341724	0.020518193	true	2000448	16	62500.0	67	1000501	327741	0.021241082	true	slp_i8	1000448	7.996417604912999	3.9982088024564995	true	true	1000005	315665	1000005	315665
llama_full	13	cpu	ts	cudaMemcpyAsync	1816904	1000000	true	i32	4000000	8000000	true	4000000	false	0	11228552	426187	2.3463878532193614	127	16756200	4176773	0.022940486	true	2747016	31123	32.13057867172188	32767	4012966	2706029	0.021536174	true	slp_i16	2747016	2.912250966139258	1.456125483069629	true	true	4995483	3809575	4995483	3809575
llama_full	13	cpu	dur	cudaMemcpyAsync	1816904	1000000	true	i32	4000000	8000000	true	4000000	false	0	1224056	9333	107.14668381013608	127	1677782	643445	0.020326105	true	2000448	16	62500.0	6464	2886845	795802	0.019693894	true	slp_i8	1224056	6.535648695811303	3.2678243479056515	true	true	1023054	362034	1023054	362034
llama_full	11	cpu	ts	cudaEventQuery	1765423	1000000	true	i32	4000000	8000000	true	4000000	false	0	6934712	247277	4.044047768292239	127	10209165	2475751	0.022812473	true	2467656	19483	51.32679772109018	32767	3544093	2556032	0.021844578	true	slp_i16	2467656	3.2419429612555395	1.6209714806277697	true	true	4987103	3078350	4987103	3078350
llama_full	11	cpu	dur	cudaEventQuery	1765423	1000000	true	i32	4000000	8000000	true	4000000	false	0	1000448	16	62500.0	90	1053906	148090	0.019957414	true	2000448	16	62500.0	123	1000467	138266	0.019317826	true	slp_i8	1000448	7.996417604912999	3.9982088024564995	true	true	1000005	137608	1000005	137608
llama_full	50	cpu	ts	aten::reshape	1679360	1000000	true	i32	4000000	8000000	true	4000000	false	0	11603264	441800	2.2634676324128566	127	17296545	3768049	0.022277692	true	2784600	32689	30.591330416959835	32767	4085448	2702217	0.02158754	true	slp_i16	2784600	2.8729440494146377	1.4364720247073188	true	true	4998169	3690996	4998169	3690996
llama_full	50	cpu	dur	aten::reshape	1679360	1000000	true	i32	4000000	8000000	true	4000000	false	0	1000448	16	62500.0	24	1000520	295740	0.020565016	true	2000448	16	62500.0	25	1000507	285438	0.021383078	true	slp_i8	1000448	7.996417604912999	3.9982088024564995	true	true	1000005	278241	1000005	278241
llama_full	39	gpu	ts	Memcpy DtoD (Device -> Device)	1573700	1000000	true	i32	4000000	8000000	true	4000000	false	0	12890696	495443	2.0183956580272606	127	19268668	4646854	0.022884259	true	6078624	169940	5.8844297987525005	32767	8627760	3562257	0.025094971	true	slp_i16	6078624	1.3160873250261902	0.6580436625130951	false	false	4997545	3837566	4997545	3837566
llama_full	39	gpu	dur	Memcpy DtoD (Device -> Device)	1573700	1000000	true	i32	4000000	8000000	true	4000000	false	0	7189040	257874	3.8778628322358983	127	10064734	2430256	0.024193125	true	2000448	16	62500.0	2645	2694704	1207574	0.020333761	true	slp_i16	2000448	3.9991042006590525	1.9995521003295262	true	true	1561822	804022	1561822	804022
llama_full	82	cpu	ts	aten::t	1339392	1000000	true	i32	4000000	8000000	true	4000000	false	0	12775016	490623	2.038224869196919	127	19093547	4463572	0.032449065	true	2542776	22613	44.22234997567771	32767	3739166	2663708	0.021482199	true	slp_i16	2542776	3.1461678102986657	1.5730839051493328	true	true	4997899	3788667	4997899	3788667
llama_full	82	cpu	dur	aten::t	1339392	1000000	true	i32	4000000	8000000	true	4000000	false	0	1000448	16	62500.0	51	1000529	397604	0.020380146	true	2000448	16	62500.0	65	1000517	380346	0.021214164	true	slp_i8	1000448	7.996417604912999	3.9982088024564995	true	true	1000005	366502	1000005	366502
llama_full	149	cpu	ts	detach	1159756	1000000	true	i32	4000000	8000000	true	4000000	false	0	11265920	427744	2.3378469364853744	127	16826838	4157442	0.024066273	true	2394912	16452	60.78288353999514	32767	3548559	2603192	0.021030842	true	slp_i16	2394912	3.3404150131612353	1.6702075065806177	true	true	5000005	3670777	5000005	3670777
llama_full	149	cpu	dur	detach	1159756	1000000	true	i32	4000000	8000000	true	4000000	false	0	1000448	16	62500.0	41	1000522	290341	0.020459415	true	2000448	16	62500.0	42	1000511	283892	0.021042179	true	slp_i8	1000448	7.996417604912999	3.9982088024564995	true	true	1000005	274057	1000005	274057
llama_full	148	cpu	ts	aten::detach	1157708	1000000	true	i32	4000000	8000000	true	4000000	false	0	11265128	427711	2.3380273128350684	127	16825693	4155402	0.024111276	true	2393496	16393	61.001647044470204	32767	3546699	2601021	0.021020748	true	slp_i16	2393496	3.342391213521978	1.671195606760989	true	true	5000005	3694893	5000005	3694893
llama_full	148	cpu	dur	aten::detach	1157708	1000000	true	i32	4000000	8000000	true	4000000	false	0	1000448	16	62500.0	60	1000524	368175	0.020587717	true	2000448	16	62500.0	61	1000511	354387	0.021095052	true	slp_i8	1000448	7.996417604912999	3.9982088024564995	true	true	1000005	339119	1000005	339119
llama_full	190	cpu	ts	autograd::engine::evaluate_function: torch::autograd::AccumulateGrad	1150976	1000000	true	i32	4000000	8000000	true	4000000	false	0	11303984	429330	2.3292106305173177	127	16885553	4192894	0.024069369	true	2375184	15630	63.97952655150352	32767	3529633	2603050	0.02100299	true	slp_i16	2375184	3.368160108858935	1.6840800544294674	true	true	5000005	3701062	5000005	3701062
llama_full	190	cpu	dur	autograd::engine::evaluate_function: torch::autograd::AccumulateGrad	1150976	1000000	true	i32	4000000	8000000	true	4000000	false	0	1000496	18	55555.555555555555	109	1033067	564388	0.020382789	true	2000448	16	62500.0	621	1000527	540147	0.02097315	true	slp_i8	1000496	7.996033967152292	3.998016983576146	true	true	1000009	513805	1000009	513805
llama_full	191	cpu	ts	torch::autograd::AccumulateGrad	1150976	1000000	true	i32	4000000	8000000	true	4000000	false	0	11303936	429328	2.3292214810121865	127	16885544	4192293	0.024231937	true	2375208	15631	63.97543343356151	32767	3529634	2603197	0.021072456	true	slp_i16	2375208	3.3681260756952653	1.6840630378476327	true	true	5000005	3691800	5000005	3691800
llama_full	191	cpu	dur	torch::autograd::AccumulateGrad	1150976	1000000	true	i32	4000000	8000000	true	4000000	false	0	1000448	16	62500.0	59	1000522	412807	0.020521658	true	2000448	16	62500.0	60	1000519	404894	0.020911471	true	slp_i8	1000448	7.996417604912999	3.9982088024564995	true	true	1000005	384044	1000005	384044
llama_full	20	cpu	ts	aten::view	1049728	1000000	true	i32	4000000	8000000	true	4000000	false	0	12593216	483048	2.0701876418078533	127	18819997	4211201	0.022535584	true	2870400	36264	27.575557026251932	32767	4230038	2691410	0.02146765	true	slp_i16	2870400	2.787068004459309	1.3935340022296545	true	true	4993373	3641183	4993373	3641183
llama_full	20	cpu	dur	aten::view	1049728	1000000	true	i32	4000000	8000000	true	4000000	false	0	1000448	16	62500.0	80	1000520	300115	0.020289304	true	2000448	16	62500.0	81	1000517	292976	0.02054234	true	slp_i8	1000448	7.996417604912999	3.9982088024564995	true	true	1000005	279466	1000005	279466
llama_full	207	cpu	ts	aten::sum	663552	663552	false	i32	2654208	5308416	true	2654208	false	0	8623864	331677	2.000596966325672	127	12867565	2315115	0.014815603	true	2086072	31621	20.984535593434742	32767	3079549	1894459	0.014411915	true	slp_i16	2086072	2.5446945263634237	1.2723472631817119	true	true	3317765	2424587	3317765	2424587
llama_full	207	cpu	dur	aten::sum	663552	663552	false	i32	2654208	5308416	true	2654208	false	0	663976	15	44236.8	127	843122	447117	0.013365575	true	1327432	11	60322.90909090909	990	663938	386287	0.013981717	true	slp_i8	663976	7.994891381616203	3.9974456908081013	true	true	663566	365578	663566	365578
llama_full	206	cpu	ts	cudaPointerGetAttributes	660480	660480	false	i32	2641920	5283840	true	2641920	false	0	7355728	278966	2.367600352731157	127	10978646	2273416	0.015177681	true	2102560	32564	20.282520574867952	32767	3099725	1898203	0.014409203	true	slp_i16	2102560	2.513050757172209	1.2565253785861046	true	true	3302111	2410186	3302111	2410186
llama_full	206	cpu	dur	cudaPointerGetAttributes	660480	660480	false	i32	2641920	5283840	true	2641920	false	0	660808	11	60043.63636363636	12	660851	104143	0.013309066	true	1321288	11	60043.63636363636	13	660858	103782	0.013151881	true	slp_i8	660808	7.996029103763877	3.9980145518819383	true	true	660485	101650	660485	101650
llama_full	16	cpu	ts	record_param_comms	659584	659584	false	i32	2638336	5276672	true	2638336	false	0	8459768	325005	2.029458008338333	127	12624828	2817213	0.015287228	true	1723080	16827	39.19795566648838	32767	2549071	1794366	0.014156027	true	slp_i16	1723080	3.062348817234255	1.5311744086171275	true	true	3292421	2420637	3292421	2420637
llama_full	16	cpu	dur	record_param_comms	659584	659584	false	i32	2638336	5276672	true	2638336	false	0	1534616	36457	18.092108511396987	127	1943030	682588	0.014016501	true	1326696	311	2120.848874598071	32767	1985304	1340595	0.013030762	true	slp_i16	1326696	3.9773030144057118	1.9886515072028559	true	true	728644	367831	728644	367831
llama_full	85	gpu	ts	void Gemm_tcu_mr_kernel::mr_gemm_stride_h_h_tcuh<0u, 0u, 0u, 0u, 0u, true, false, (ixblasGEMMBoundary_t)0, false, __half, __half, __half>(__half*, __half const*, __half const*, int, int, int, int, int, int, float, float, long, long, long, ixblasGEMMBatchMode_t, int)	657408	657408	false	i32	2629632	5259264	true	2629632	false	0	8544640	328632	2.0004381800920177	127	12750211	2826239	0.014919725	true	1813048	20757	31.671628848099438	32767	2678982	1809308	0.014318419	true	slp_i16	1813048	2.900785858951335	1.4503929294756674	true	true	3285015	2396409	3285015	2396409
llama_full	85	gpu	dur	void Gemm_tcu_mr_kernel::mr_gemm_stride_h_h_tcuh<0u, 0u, 0u, 0u, 0u, true, false, (ixblasGEMMBoundary_t)0, false, __half, __half, __half>(__half*, __half const*, __half const*, int, int, int, int, int, int, float, float, long, long, long, ixblasGEMMBatchMode_t, int)	657408	657408	false	i32	2629632	5259264	true	2629632	false	0	8230360	315537	2.083457724450698	127	11659417	1686630	0.01553684	true	1315144	11	59764.36363636364	1238	1732608	774216	0.013362608	true	slp_i16	1315144	3.999002390612739	1.9995011953063695	true	true	1808390	595400	1808390	595400
llama_full	115	cpu	ts	SCH-wgrad_defer_pop-0-0	657408	657408	false	i32	2629632	5259264	true	2629632	false	0	8546104	328693	2.0000669317569892	127	12753399	2865825	0.024471329	true	1651648	14032	46.850627137970356	32767	2430478	1706934	0.013962779	true	slp_i16	1651648	3.184252334637889	1.5921261673189444	true	true	3287045	2456043	3287045	2456043
llama_full	115	cpu	dur	SCH-wgrad_defer_pop-0-0	657408	657408	false	i32	2629632	5259264	true	2629632	false	0	8546368	328704	2.0	0	12096382	1373756	0.015416712	true	1315144	11	59764.36363636364	8104	1926615	912415	0.012981713	true	slp_i16	1315144	3.999002390612739	1.9995011953063695	true	true	1972229	764659	1972229	764659
llama_full	116	gpu	ts	void Gemm_tcu_mr_kernel::mr_gemm_stride_h_h_tcuh<0u, 0u, 0u, 0u, 0u, false, true, (ixblasGEMMBoundary_t)0, false, __half, __half, __half>(__half*, __half const*, __half const*, int, int, int, int, int, int, float, float, long, long, long, ixblasGEMMBatchMode_t, int)	657408	657408	false	i32	2629632	5259264	true	2629632	false	0	8545192	328655	2.000298185026852	127	12752062	2878593	0.015044763	true	1734448	17482	37.60485070358082	32767	2544805	1730290	0.014096669	true	slp_i16	1734448	3.0322408051437693	1.5161204025718846	true	true	3287045	2467551	3287045	2467551
llama_full	116	gpu	dur	void Gemm_tcu_mr_kernel::mr_gemm_stride_h_h_tcuh<0u, 0u, 0u, 0u, 0u, false, true, (ixblasGEMMBoundary_t)0, false, __half, __half, __half>(__half*, __half const*, __half const*, int, int, int, int, int, int, float, float, long, long, long, ixblasGEMMBatchMode_t, int)	657408	657408	false	i32	2629632	5259264	true	2629632	false	0	8545384	328663	2.000249495684029	122	12094897	1259297	0.015196752	true	1315144	11	59764.36363636364	3034	1914265	836037	0.013003339	true	slp_i16	1315144	3.999002390612739	1.9995011953063695	true	true	1972229	658320	1972229	658320
llama_full	125	gpu	ts	void Gemm_tcu_mr_kernel::mr_gemm_stride_h_h_tcuh<0u, 0u, 0u, 0u, 0u, true, true, (ixblasGEMMBoundary_t)0, false, __half, __half, __half>(__half*, __half const*, __half const*, int, int, int, int, int, int, float, float, long, long, long, ixblasGEMMBatchMode_t, int)	657408	657408	false	i32	2629632	5259264	true	2629632	false	0	8545912	328685	2.0001156122123005	126	12753110	2762574	0.015063388	true	1624696	12909	50.92633046711597	32767	2409577	1744204	0.013916035	true	slp_i16	1624696	3.2370757360146145	1.6185378680073073	true	true	3287045	2444676	3287045	2444676
llama_full	125	gpu	dur	void Gemm_tcu_mr_kernel::mr_gemm_stride_h_h_tcuh<0u, 0u, 0u, 0u, 0u, true, true, (ixblasGEMMBoundary_t)0, false, __half, __half, __half>(__half*, __half const*, __half const*, int, int, int, int, int, int, float, float, long, long, long, ixblasGEMMBatchMode_t, int)	657408	657408	false	i32	2629632	5259264	true	2629632	false	0	8543536	328586	2.0007182290176697	126	12091834	1097193	0.01507659	true	1315144	11	59764.36363636364	951	1653168	484722	0.013183678	true	slp_i16	1315144	3.999002390612739	1.9995011953063695	true	true	1873218	497307	1873218	497307
llama_full	189	cpu	ts	SCH-wgrad_defer_put-0-0	657408	657408	false	i32	2629632	5259264	true	2629632	false	0	8529016	327981	2.004408791972706	127	12728273	2869205	0.015036008	true	1640320	13560	48.48141592920354	32767	2432073	1752283	0.014054211	true	slp_i16	1640320	3.2062426843542724	1.6031213421771362	true	true	3287045	2486208	3287045	2486208
llama_full	189	cpu	dur	SCH-wgrad_defer_put-0-0	657408	657408	false	i32	2629632	5259264	true	2629632	false	0	657736	11	59764.36363636364	93	737742	392490	0.013040382	true	1315144	11	59764.36363636364	161	657785	362625	0.013488639	true	slp_i8	657736	7.996010557427296	3.998005278713648	true	true	657414	345025	657414	345025
llama_full	129	gpu	ts	void at::native::reduce_kernel<0, 0, at::native::ReduceOp<c0::Half, at::native::func_wrapper_t<c0::Half, at::native::sum_functor<c0::Half, float, c0::Half>::operator()(at::TensorIterator&)::{lambda(float, float)#0}>, unsigned int, c0::Half, 0> >(at::native::ReduceOp<c0::Half, at::native::func_wrapper_t<c0::Half, at::native::sum_functor<c0::Half, float, c0::Half>::operator()(at::TensorIterator&)::{lambda(float, float)#0}>, unsigned int, c0::Half, 0>)	655360	655360	false	i32	2621440	5242880	true	2621440	false	0	8519744	327680	2.0	0	12713858	2297241	0.015009424	true	2013864	29295	22.3710530807305	32767	2974334	1841771	0.014241391	true	slp_i16	2013864	2.603393277798302	1.301696638899151	true	true	3276805	2315608	3276805	2315608
llama_full	129	gpu	dur	void at::native::reduce_kernel<0, 0, at::native::ReduceOp<c0::Half, at::native::func_wrapper_t<c0::Half, at::native::sum_functor<c0::Half, float, c0::Half>::operator()(at::TensorIterator&)::{lambda(float, float)#0}>, unsigned int, c0::Half, 0> >(at::native::ReduceOp<c0::Half, at::native::func_wrapper_t<c0::Half, at::native::sum_functor<c0::Half, float, c0::Half>::operator()(at::TensorIterator&)::{lambda(float, float)#0}>, unsigned int, c0::Half, 0>)	655360	655360	false	i32	2621440	5242880	true	2621440	false	0	655664	10	65536.0	78	656405	422275	0.013710923	true	1311024	10	65536.0	78	655715	428035	0.013434798	true	slp_i8	655664	7.996290783084019	3.9981453915420095	true	true	655369	403304	655369	403304
llama_full	104	gpu	ts	ncclKernel_SendRecv_RING_SIMPLE_Sum_int0_t(ncclDevComm*, unsigned long, ncclWork*)	647168	647168	false	i32	2588672	5177344	true	2588672	false	0	8401320	323087	2.0030765707069613	127	12535303	2952291	0.014773718	true	1860896	23604	27.417725809184883	32767	2744927	1827462	0.014289598	true	slp_i16	1860896	2.782178047564184	1.391089023782092	true	true	3233413	2451865	3233413	2451865
llama_full	104	gpu	dur	ncclKernel_SendRecv_RING_SIMPLE_Sum_int0_t(ncclDevComm*, unsigned long, ncclWork*)	647168	647168	false	i32	2588672	5177344	true	2588672	false	0	8285664	318268	2.0334058089408926	127	11591416	2517697	0.015019555	true	1480160	7740	83.61343669250645	32767	2174536	1578363	0.013550861	true	slp_i16	1480160	3.4978272619176307	1.7489136309588154	true	true	1648429	1076849	1648429	1076849
llama_full	105	cpu	ts	cudaStreamQuery	647168	647168	false	i32	2588672	5177344	true	2588672	false	0	8401440	323092	2.0030455721590137	127	12534744	2892692	0.014735128	true	1575080	11695	55.33715262932877	32767	2333458	1709225	0.013678187	true	slp_i16	1575080	3.2870355791451864	1.6435177895725932	true	true	3233413	2383125	3233413	2383125
llama_full	105	cpu	dur	cudaStreamQuery	647168	647168	false	i32	2588672	5177344	true	2588672	false	0	647520	12	53930.666666666664	127	980496	231808	0.012743747	true	1294640	10	64716.8	208	647521	175415	0.013350628	true	slp_i8	647520	7.995651099579936	3.997825549789968	true	true	647186	166262	647186	166262
llama_full	63	cpu	ts	aten::transpose	500224	500224	false	i32	2000896	4001792	true	2000896	false	0	4565840	169398	2.9529510383829796	127	6722114	1260908	0.010711219	true	1512456	21331	23.45056490553654	32767	2227087	1378574	0.010531303	true	slp_i16	1512456	2.645889863903479	1.3229449319517395	true	true	2498857	1796337	2498857	1796337
llama_full	63	cpu	dur	aten::transpose	500224	500224	false	i32	2000896	4001792	true	2000896	false	0	500480	8	62528.0	34	500512	134120	0.010142511	true	1000704	8	62528.0	37	500511	132112	0.017825206	true	slp_i8	500480	7.995907928388747	3.9979539641943735	true	true	500229	128785	500229	128785
llama_full	199	cpu	ts	autograd::engine::evaluate_function: ViewBackward0	495616	495616	false	i32	1982464	3964928	true	1982464	false	0	6443072	247808	2.0	0	9598850	2151837	0.011061421	true	1408056	17365	28.54108839619925	32767	2080595	1383031	0.010779685	true	slp_i16	1408056	2.815888004454368	1.407944002227184	true	true	2478085	1864905	2478085	1864905
llama_full	199	cpu	dur	autograd::engine::evaluate_function: ViewBackward0	495616	495616	false	i32	1982464	3964928	true	1982464	false	0	495872	8	61952.0	89	496933	222486	0.010228977	true	991488	8	61952.0	89	495901	207155	0.010556466	true	slp_i8	495872	7.99586990191017	3.997934950955085	true	true	495621	200742	495621	200742
llama_full	200	cpu	ts	ViewBackward0	495616	495616	false	i32	1982464	3964928	true	1982464	false	0	6443072	247808	2.0	0	9598850	2151236	0.011168029	true	1408032	17364	28.542732089380326	32767	2080560	1382420	0.010704993	true	slp_i16	1408032	2.8159360014545123	1.4079680007272561	true	true	2478085	1826700	2478085	1826700
llama_full	200	cpu	dur	ViewBackward0	495616	495616	false	i32	1982464	3964928	true	1982464	false	0	495872	8	61952.0	28	495906	164006	0.010217084	true	991488	8	61952.0	29	495901	158925	0.010525161	true	slp_i8	495872	7.99586990191017	3.997934950955085	true	true	495621	154228	495621	154228
llama_full	208	cpu	ts	autograd::engine::evaluate_function: TransposeBackward0	495616	495616	false	i32	1982464	3964928	true	1982464	false	0	4526144	167936	2.951219512195122	44	6663947	1366416	0.010865143	true	1558992	23654	20.95273526676249	32767	2297855	1408950	0.010606751	true	slp_i16	1558992	2.543263852540616	1.271631926270308	true	true	2478085	1757990	2478085	1757990
llama_full	208	cpu	dur	autograd::engine::evaluate_function: TransposeBackward0	495616	495616	false	i32	1982464	3964928	true	1982464	false	0	495872	8	61952.0	87	495906	226579	0.009997686	true	991488	8	61952.0	87	495905	214937	0.010330225	true	slp_i8	495872	7.99586990191017	3.997934950955085	true	true	495621	206394	495621	206394
llama_full	209	cpu	ts	TransposeBackward0	495616	495616	false	i32	1982464	3964928	true	1982464	false	0	4526144	167936	2.951219512195122	47	6663947	1358772	0.010747721	true	1559088	23658	20.949192662101616	32767	2298024	1407466	0.010606344	true	slp_i16	1559088	2.543107252445019	1.2715536262225096	true	true	2478085	1732296	2478085	1732296
llama_full	209	cpu	dur	TransposeBackward0	495616	495616	false	i32	1982464	3964928	true	1982464	false	0	495872	8	61952.0	58	495906	179074	0.010029561	true	991488	8	61952.0	60	495901	169257	0.01025609	true	slp_i8	495872	7.99586990191017	3.997934950955085	true	true	495621	163058	495621	163058
llama_full	72	cpu	ts	aten::reshape	491520	491520	false	i32	1966080	3932160	true	1966080	false	0	6389824	245760	2.0	0	9517896	2120725	0.010923392	true	1396024	17205	28.568439407149086	32767	2062430	1352536	0.010481687	true	slp_i16	1396024	2.8166850999696282	1.4083425499848141	true	true	2455619	1811320	2455619	1811320
llama_full	72	cpu	dur	aten::reshape	491520	491520	false	i32	1966080	3932160	true	1966080	false	0	491776	8	61440.0	83	491810	166395	0.010074371	true	983296	8	61440.0	83	491809	161958	0.010277975	true	slp_i8	491776	7.99583550234253	3.997917751171265	true	true	491525	155085	491525	155085
llama_full	53	cpu	ts	aten::slice	447552	447552	false	i32	1790208	3580416	true	1790208	false	0	4612864	173552	2.5787775421775607	127	6821137	1348379	0.010015882	true	1298368	16800	26.64	32767	1827357	1175664	0.00954099	true	slp_i16	1298368	2.7576280376595848	1.3788140188297924	true	true	2236005	1568479	2236005	1568479
llama_full	53	cpu	dur	aten::slice	447552	447552	false	i32	1790208	3580416	true	1790208	false	0	447784	7	63936.0	34	447811	137763	0.009004626	true	895336	7	63936.0	48	447812	134740	0.009061221	true	slp_i8	447784	7.995855144444643	3.9979275722223213	true	true	447557	128403	447557	128403
llama_full	27	cpu	ts	aten::resize_	368640	368640	false	i32	1474560	2949120	true	1474560	false	0	4412008	168471	2.1881510764463914	127	6549893	1411790	0.008381373	true	1034608	12386	29.762635233327952	32767	1484956	992761	0.00785164	true	slp_i16	1034608	2.8504709029893447	1.4252354514946723	true	true	1840485	1341395	1840485	1341395
llama_full	27	cpu	dur	aten::resize_	368640	368640	false	i32	1474560	2949120	true	1474560	false	0	368848	6	61440.0	118	557432	217517	0.007268642	true	737488	6	61440.0	146	368876	168238	0.007539936	true	slp_i8	368848	7.995488656573982	3.997744328286991	true	true	368654	157246	368654	157246
llama_full	89	cpu	ts	cuLaunchKernel	339968	339968	false	i32	1359872	2719744	true	1359872	false	0	3928248	149509	2.2738965547224583	127	5839381	1567017	0.008585905	true	982400	12600	26.9815873015873	32767	1444802	963953	0.007285317	true	slp_i16	982400	2.768469055374593	1.3842345276872965	true	true	1699191	1306384	1699191	1306384
llama_full	89	cpu	dur	cuLaunchKernel	339968	339968	false	i32	1359872	2719744	true	1359872	false	0	340584	23	14781.217391304348	69	369393	57361	0.006698108	true	680144	6	56661.333333333336	605	340207	49001	0.006618442	true	slp_i8	340584	7.9855307354426515	3.9927653677213257	true	true	339991	48375	339991	48375
llama_full	67	cpu	ts	aten::arange	331776	331776	false	i32	1327104	2654208	true	1327104	false	0	4313152	165888	2.0	0	6403278	1127825	0.007468263	true	928360	11031	30.076692956214305	32767	1370731	918655	0.007008381	true	slp_i16	928360	2.859028825024775	1.4295144125123875	true	true	1657501	1190068	1657501	1190068
llama_full	67	cpu	dur	aten::arange	331776	331776	false	i32	1327104	2654208	true	1327104	false	0	331984	6	55296.0	122	547033	222611	0.006522864	true	663760	6	55296.0	144	346695	198329	0.006824182	true	slp_i8	331984	7.994987710251096	3.997493855125548	true	true	331814	177579	331814	177579
llama_full	69	cpu	ts	aten::add	329792	329792	false	i32	1319168	2638336	true	1319168	false	0	4230288	162518	2.029264450706999	127	6279815	1493679	0.007449023	true	837464	7409	44.51234984478337	32767	1236537	882963	0.006972083	true	slp_i16	837464	3.1503873599342778	1.5751936799671389	true	true	1647775	1223806	1647775	1223806
llama_full	69	cpu	dur	aten::add	329792	329792	false	i32	1319168	2638336	true	1319168	false	0	340632	449	734.5033407572383	127	410047	255724	0.006739244	true	659792	6	54965.333333333336	1955	554660	239131	0.006688995	true	slp_i8	340632	7.745414406162662	3.872707203081331	true	true	330292	182186	330292	182186
llama_full	66	cpu	ts	aten::dropout	329728	329728	false	i32	1318912	2637824	true	1318912	false	0	4286216	164851	2.0001577181818733	127	6362873	1501528	0.00742449	true	842112	7608	43.33964248159832	32767	1245101	886630	0.006962023	true	slp_i16	842112	3.132390940872473	1.5661954704362364	true	true	1647215	1216428	1647215	1216428
llama_full	66	cpu	dur	aten::dropout	329728	329728	false	i32	1318912	2637824	true	1318912	false	0	329936	6	54954.666666666664	12	329954	62713	0.00724862	true	659664	6	54954.666666666664	12	329953	62825	0.007138499	true	slp_i8	329936	7.99495659764318	3.99747829882159	true	true	329733	62352	329733	62352
llama_full	81	cpu	ts	ColumnParallelLinearOverlapV0	329728	329728	false	i32	1318912	2637824	true	1318912	false	0	4286504	164863	2.000012131284764	123	6363331	1427006	0.007375777	true	887496	9499	34.71186440677966	32767	1311588	904573	0.006962499	true	slp_i16	887496	2.9722094522116156	1.4861047261058078	true	true	1647343	1229483	1647343	1229483
llama_full	81	cpu	dur	ColumnParallelLinearOverlapV0	329728	329728	false	i32	1318912	2637824	true	1318912	false	0	4277648	164494	2.0044986443274526	127	6021985	1105969	0.007405244	true	659760	10	32972.8	32767	984382	664299	0.006448806	true	slp_i16	659760	3.998156905541409	1.9990784527707044	true	true	989189	525529	989189	525529
llama_full	195	cpu	ts	autograd::engine::evaluate_function: ColumnParallelLinearOverlapV0Backward	329728	329728	false	i32	1318912	2637824	true	1318912	false	0	4285112	164805	2.0007159976942446	127	6361976	1504668	0.007458168	true	867912	8683	37.97397212944835	32767	1283677	902395	0.012755511	true	slp_i16	867912	3.03927587128649	1.519637935643245	true	true	1648645	1258128	1648645	1258128
llama_full	195	cpu	dur	autograd::engine::evaluate_function: ColumnParallelLinearOverlapV0Backward	329728	329728	false	i32	1318912	2637824	true	1318912	false	0	4270448	164194	2.0081610777494916	127	6012088	1243856	0.00748399	true	659760	10	32972.8	32767	984699	683983	0.006465929	true	slp_i16	659760	3.998156905541409	1.9990784527707044	true	true	989189	558504	989189	558504
llama_full	196	cpu	ts	ColumnParallelLinearOverlapV0Backward	329728	329728	false	i32	1318912	2637824	true	1318912	false	0	4285136	164806	2.000703857869252	125	6362012	1505524	0.00737419	true	867912	8683	37.97397212944835	32767	1283691	902566	0.00708375	true	slp_i16	867912	3.03927587128649	1.519637935643245	true	true	1648645	1259363	1648645	1259363
llama_full	196	cpu	dur	ColumnParallelLinearOverlapV0Backward	329728	329728	false	i32	1318912	2637824	true	1318912	false	0	4270424	164193	2.0081733082409117	127	6012055	1243177	0.007346658	true	659760	10	32972.8	32767	985084	685402	0.006471148	true	slp_i16	659760	3.998156905541409	1.9990784527707044	true	true	989189	558112	989189	558112
llama_full	77	cpu	ts	aten::unsqueeze	327680	327680	false	i32	1310720	2621440	true	1310720	false	0	4259904	163840	2.0	0	6323410	1071582	0.007354477	true	908072	10527	31.127576707514013	32767	1341151	904919	0.006915903	true	slp_i16	908072	2.886819547348668	1.443409773674334	true	true	1637029	1207419	1637029	1207419
llama_full	77	cpu	dur	aten::unsqueeze	327680	327680	false	i32	1310720	2621440	true	1310720	false	0	327864	5	65536.0	17	327881	85264	0.006840227	true	655544	5	65536.0	17	327880	84244	0.006695448	true	slp_i8	327864	7.995510333552937	3.9977551667764684	true	true	327685	82652	327685	82652
llama_full	78	cpu	ts	RMSNormResidualOrNotFunction	327680	327680	false	i32	1310720	2621440	true	1310720	false	0	4259904	163840	2.0	0	6323420	1426960	0.007320733	true	875768	9181	35.69110118723451	32767	1294614	896965	0.006899821	true	slp_i16	875768	2.993304162746298	1.496652081373149	true	true	1637103	1207746	1637103	1207746
llama_full	78	cpu	dur	RMSNormResidualOrNotFunction	327680	327680	false	i32	1310720	2621440	true	1310720	false	0	375792	2002	163.67632367632368	127	501535	305123	0.006708149	true	655544	5	65536.0	5469	844959	323284	0.006449096	true	slp_i8	375792	6.97577383233278	3.48788691616639	true	true	331015	208638	331015	208638
llama_full	87	cpu	ts	aten::split_with_sizes	327680	327680	false	i32	1310720	2621440	true	1310720	false	0	3765696	143248	2.287501396180051	127	5596213	1511692	0.008353605	true	945968	12106	27.067569800099125	32767	1390879	928520	0.007021207	true	slp_i16	945968	2.77117196353365	1.385585981766825	true	true	1637743	1258649	1637743	1258649
llama_full	87	cpu	dur	aten::split_with_sizes	327680	327680	false	i32	1310720	2621440	true	1310720	false	0	327864	5	65536.0	67	327883	118762	0.006497193	true	655544	5	65536.0	76	327884	114675	0.006993844	true	slp_i8	327864	7.995510333552937	3.9977551667764684	true	true	327685	111247	327685	111247
llama_full	96	cpu	ts	RowParallelLinearOverlapV0	327680	327680	false	i32	1310720	2621440	true	1310720	false	0	4259904	163840	2.0	0	6323450	1451618	0.007371775	true	849632	8092	40.49431537320811	32767	1256308	886724	0.006955631	true	slp_i16	849632	3.0853828481036496	1.5426914240518248	true	true	1637203	1186729	1637203	1186729
llama_full	96	cpu	dur	RowParallelLinearOverlapV0	327680	327680	false	i32	1310720	2621440	true	1310720	false	0	4256736	163708	2.001612627360911	127	5992021	1187362	0.007320116	true	655544	5	65536.0	30364	977675	658130	0.006511339	true	slp_i16	655544	3.998877268345069	1.9994386341725345	true	true	983045	532127	983045	532127
llama_full	126	gpu	ts	void cudnn::impl::MR::kernel::FlashAttnBwd_RowSum<0u, 0u, 0u, 0u, (cudnnDataType_t)0>(void const*, void const*, float*, unsigned int, unsigned int, unsigned int, unsigned int, unsigned int, unsigned int)	327680	327680	false	i32	1310720	2621440	true	1310720	false	0	4259904	163840	2.0	119	6324091	1448874	0.007269291	true	924968	11231	29.176386786572877	32767	1366851	920286	0.007003667	true	slp_i16	924968	2.8340872332880704	1.4170436166440352	true	true	1638405	1246284	1638405	1246284
llama_full	126	gpu	dur	void cudnn::impl::MR::kernel::FlashAttnBwd_RowSum<0u, 0u, 0u, 0u, (cudnnDataType_t)0>(void const*, void const*, float*, unsigned int, unsigned int, unsigned int, unsigned int, unsigned int, unsigned int)	327680	327680	false	i32	1310720	2621440	true	1310720	false	0	327888	6	54613.333333333336	127	479840	266274	0.006556842	true	655544	5	65536.0	133	408719	244619	0.006659988	true	slp_i8	327888	7.994925096374372	3.997462548187186	true	true	333695	212004	333695	212004
llama_full	127	gpu	ts	void cudnn::impl::MR::kernel::FlashAttnBwdKernel<0u, 0u, 0u, 0u, 0u, 0u, 0u, 0u, 0u, 0u, false, (cudnn::impl::IsCausalMode_t)0, true, true, (cudnnDataType_t)0, (cudnn::impl::BroadCastType_t)0, (cudnnDataType_t)0, true, false>(void const*, void const*, void const*, void const*, void const*, float const*, float const*, float const*, void const*, int const*, int const*, int const*, int const*, void const*, void*, void*, void*, void*, cudnnPhiloxCudaState, unsigned int, unsigned int, unsigned int, float, float, unsigned int, unsigned int, unsigned int, unsigned int, unsigned int, bool, bool, unsigned long, unsigned long, unsigned long, unsigned long, unsigned long, unsigned long, unsigned long, unsigned long, unsigned long, unsigned long, unsigned long, unsigned long, unsigned long, unsigned long, unsigned long, unsigned long)	327680	327680	false	i32	1310720	2621440	true	1310720	false	0	4259904	163840	2.0	111	6324091	1442072	0.007303629	true	924896	11228	29.184182401140006	32767	1366758	920323	0.007049088	true	slp_i16	924896	2.8343078573158498	1.4171539286579249	true	true	1638405	1243426	1638405	1243426
llama_full	127	gpu	dur	void cudnn::impl::MR::kernel::FlashAttnBwdKernel<0u, 0u, 0u, 0u, 0u, 0u, 0u, 0u, 0u, 0u, false, (cudnn::impl::IsCausalMode_t)0, true, true, (cudnnDataType_t)0, (cudnn::impl::BroadCastType_t)0, (cudnnDataType_t)0, true, false>(void const*, void const*, void const*, void const*, void const*, float const*, float const*, float const*, void const*, int const*, int const*, int const*, int const*, void const*, void*, void*, void*, void*, cudnnPhiloxCudaState, unsigned int, unsigned int, unsigned int, float, float, unsigned int, unsigned int, unsigned int, unsigned int, unsigned int, bool, bool, unsigned long, unsigned long, unsigned long, unsigned long, unsigned long, unsigned long, unsigned long, unsigned long, unsigned long, unsigned long, unsigned long, unsigned long, unsigned long, unsigned long, unsigned long, unsigned long)	327680	327680	false	i32	1310720	2621440	true	1310720	false	0	354912	1132	289.46996466431096	127	469331	368302	0.010350702	true	655544	5	65536.0	435	421530	339635	0.006731386	true	slp_i8	354912	7.386168965828149	3.6930844829140743	true	true	983045	377612	983045	377612
llama_full	128	gpu	ts	void cudnn::impl::MR::kernel::FlashAttnBwd_AddDQ<0u, 0u, 0u, 0u, (cudnn::impl::IsCausalMode_t)0, (cudnnDataType_t)0>(void*, void*, unsigned int, unsigned int, unsigned int, unsigned int, unsigned int, unsigned long, unsigned long, unsigned long, unsigned long, unsigned long, unsigned long, unsigned long, unsigned long, unsigned long)	327680	327680	false	i32	1310720	2621440	true	1310720	false	0	4259904	163840	2.0	124	6324091	1441559	0.007315551	true	925112	11237	29.16080804485183	32767	1367050	920498	0.006987935	true	slp_i16	925112	2.8336460882574217	1.4168230441287109	true	true	1638405	1225845	1638405	1225845
llama_full	128	gpu	dur	void cudnn::impl::MR::kernel::FlashAttnBwd_AddDQ<0u, 0u, 0u, 0u, (cudnn::impl::IsCausalMode_t)0, (cudnnDataType_t)0>(void*, void*, unsigned int, unsigned int, unsigned int, unsigned int, unsigned int, unsigned long, unsigned long, unsigned long, unsigned long, unsigned long, unsigned long, unsigned long, unsigned long, unsigned long)	327680	327680	false	i32	1310720	2621440	true	1310720	false	0	327864	5	65536.0	108	379292	276311	0.006458537	true	655544	5	65536.0	108	387016	281566	0.006471602	true	slp_i8	327864	7.995510333552937	3.9977551667764684	true	true	983045	293316	983045	293316
